RA,Dec,Filename
132.5,22.5001,stars_132.5_22.5001.png
97.5,-52.5001,stars_97.5_-52.5001.png
162.5,-2.5001,stars_162.5_-2.5001.png
357.5,57.5001,stars_357.5_57.5001.png
87.5,82.5001,stars_87.5_82.5001.png
102.5,-22.5001,stars_102.5_-22.5001.png
202.5,-22.5001,stars_202.5_-22.5001.png
347.5,-77.5001,stars_347.5_-77.5001.png
52.5,-2.5001,stars_52.5_-2.5001.png
22.5,22.5001,stars_22.5_22.5001.png
2.5,-22.5001,stars_2.5_-22.5001.png
107.5,-42.5001,stars_107.5_-42.5001.png
307.5,-42.5001,stars_307.5_-42.5001.png
337.5,77.5001,stars_337.5_77.5001.png
67.5,-52.5001,stars_67.5_-52.5001.png
347.5,-12.5001,stars_347.5_-12.5001.png
62.5,-22.5001,stars_62.5_-22.5001.png
192.5,67.5001,stars_192.5_67.5001.png
62.5,-42.5001,stars_62.5_-42.5001.png
297.5,12.5001,stars_297.5_12.5001.png
217.5,-12.5001,stars_217.5_-12.5001.png
167.5,-2.5001,stars_167.5_-2.5001.png
352.5,67.5001,stars_352.5_67.5001.png
42.5,-67.5001,stars_42.5_-67.5001.png
117.5,-82.5001,stars_117.5_-82.5001.png
127.5,-47.5001,stars_127.5_-47.5001.png
312.5,62.5001,stars_312.5_62.5001.png
62.5,32.5001,stars_62.5_32.5001.png
337.5,27.5001,stars_337.5_27.5001.png
212.5,-32.5001,stars_212.5_-32.5001.png
297.5,-2.5001,stars_297.5_-2.5001.png
207.5,62.5001,stars_207.5_62.5001.png
292.5,-67.5001,stars_292.5_-67.5001.png
97.5,22.5001,stars_97.5_22.5001.png
132.5,2.5001,stars_132.5_2.5001.png
212.5,-47.5001,stars_212.5_-47.5001.png
22.5,-22.5001,stars_22.5_-22.5001.png
212.5,-7.5001,stars_212.5_-7.5001.png
17.5,72.5001,stars_17.5_72.5001.png
317.5,-77.5001,stars_317.5_-77.5001.png
32.5,47.5001,stars_32.5_47.5001.png
117.5,-57.5001,stars_117.5_-57.5001.png
232.5,-72.5001,stars_232.5_-72.5001.png
62.5,52.5001,stars_62.5_52.5001.png
187.5,7.5001,stars_187.5_7.5001.png
172.5,52.5001,stars_172.5_52.5001.png
242.5,-27.5001,stars_242.5_-27.5001.png
152.5,17.5001,stars_152.5_17.5001.png
102.5,17.5001,stars_102.5_17.5001.png
137.5,-57.5001,stars_137.5_-57.5001.png
127.5,87.5001,stars_127.5_87.5001.png
102.5,42.5001,stars_102.5_42.5001.png
177.5,-47.5001,stars_177.5_-47.5001.png
27.5,-42.5001,stars_27.5_-42.5001.png
172.5,-2.5001,stars_172.5_-2.5001.png
42.5,12.5001,stars_42.5_12.5001.png
352.5,-22.5001,stars_352.5_-22.5001.png
57.5,17.5001,stars_57.5_17.5001.png
357.5,-62.5001,stars_357.5_-62.5001.png
132.5,-32.5001,stars_132.5_-32.5001.png
92.5,-32.5001,stars_92.5_-32.5001.png
27.5,12.5001,stars_27.5_12.5001.png
17.5,2.5001,stars_17.5_2.5001.png
277.5,-27.5001,stars_277.5_-27.5001.png
132.5,7.5001,stars_132.5_7.5001.png
92.5,67.5001,stars_92.5_67.5001.png
357.5,22.5001,stars_357.5_22.5001.png
337.5,7.5001,stars_337.5_7.5001.png
267.5,-22.5001,stars_267.5_-22.5001.png
312.5,7.5001,stars_312.5_7.5001.png
62.5,37.5001,stars_62.5_37.5001.png
12.5,-62.5001,stars_12.5_-62.5001.png
202.5,-47.5001,stars_202.5_-47.5001.png
22.5,52.5001,stars_22.5_52.5001.png
162.5,67.5001,stars_162.5_67.5001.png
202.5,2.5001,stars_202.5_2.5001.png
107.5,2.5001,stars_107.5_2.5001.png
32.5,7.5001,stars_32.5_7.5001.png
137.5,77.5001,stars_137.5_77.5001.png
337.5,37.5001,stars_337.5_37.5001.png
77.5,57.5001,stars_77.5_57.5001.png
242.5,82.5001,stars_242.5_82.5001.png
252.5,52.5001,stars_252.5_52.5001.png
247.5,37.5001,stars_247.5_37.5001.png
272.5,-2.5001,stars_272.5_-2.5001.png
312.5,12.5001,stars_312.5_12.5001.png
247.5,-52.5001,stars_247.5_-52.5001.png
252.5,-2.5001,stars_252.5_-2.5001.png
17.5,-7.5001,stars_17.5_-7.5001.png
312.5,77.5001,stars_312.5_77.5001.png
222.5,-82.5001,stars_222.5_-82.5001.png
327.5,-52.5001,stars_327.5_-52.5001.png
162.5,17.5001,stars_162.5_17.5001.png
242.5,37.5001,stars_242.5_37.5001.png
297.5,42.5001,stars_297.5_42.5001.png
207.5,7.5001,stars_207.5_7.5001.png
292.5,17.5001,stars_292.5_17.5001.png
107.5,-7.5001,stars_107.5_-7.5001.png
207.5,-72.5001,stars_207.5_-72.5001.png
297.5,-77.5001,stars_297.5_-77.5001.png
212.5,-37.5001,stars_212.5_-37.5001.png
82.5,-52.5001,stars_82.5_-52.5001.png
17.5,-42.5001,stars_17.5_-42.5001.png
107.5,7.5001,stars_107.5_7.5001.png
142.5,-27.5001,stars_142.5_-27.5001.png
217.5,-32.5001,stars_217.5_-32.5001.png
37.5,62.5001,stars_37.5_62.5001.png
247.5,7.5001,stars_247.5_7.5001.png
247.5,-27.5001,stars_247.5_-27.5001.png
347.5,-47.5001,stars_347.5_-47.5001.png
187.5,-37.5001,stars_187.5_-37.5001.png
152.5,-87.5001,stars_152.5_-87.5001.png
182.5,12.5001,stars_182.5_12.5001.png
202.5,77.5001,stars_202.5_77.5001.png
217.5,12.5001,stars_217.5_12.5001.png
237.5,57.5001,stars_237.5_57.5001.png
272.5,-87.5001,stars_272.5_-87.5001.png
162.5,87.5001,stars_162.5_87.5001.png
182.5,-2.5001,stars_182.5_-2.5001.png
237.5,72.5001,stars_237.5_72.5001.png
122.5,-22.5001,stars_122.5_-22.5001.png
82.5,22.5001,stars_82.5_22.5001.png
302.5,-72.5001,stars_302.5_-72.5001.png
302.5,37.5001,stars_302.5_37.5001.png
242.5,-42.5001,stars_242.5_-42.5001.png
17.5,67.5001,stars_17.5_67.5001.png
152.5,87.5001,stars_152.5_87.5001.png
277.5,62.5001,stars_277.5_62.5001.png
157.5,-22.5001,stars_157.5_-22.5001.png
67.5,-2.5001,stars_67.5_-2.5001.png
102.5,-77.5001,stars_102.5_-77.5001.png
262.5,17.5001,stars_262.5_17.5001.png
7.5,-52.5001,stars_7.5_-52.5001.png
252.5,87.5001,stars_252.5_87.5001.png
137.5,22.5001,stars_137.5_22.5001.png
217.5,17.5001,stars_217.5_17.5001.png
292.5,27.5001,stars_292.5_27.5001.png
152.5,57.5001,stars_152.5_57.5001.png
182.5,-82.5001,stars_182.5_-82.5001.png
7.5,-12.5001,stars_7.5_-12.5001.png
217.5,67.5001,stars_217.5_67.5001.png
272.5,72.5001,stars_272.5_72.5001.png
247.5,67.5001,stars_247.5_67.5001.png
112.5,12.5001,stars_112.5_12.5001.png
127.5,67.5001,stars_127.5_67.5001.png
132.5,82.5001,stars_132.5_82.5001.png
57.5,52.5001,stars_57.5_52.5001.png
102.5,-72.5001,stars_102.5_-72.5001.png
107.5,37.5001,stars_107.5_37.5001.png
197.5,32.5001,stars_197.5_32.5001.png
57.5,37.5001,stars_57.5_37.5001.png
72.5,27.5001,stars_72.5_27.5001.png
137.5,-27.5001,stars_137.5_-27.5001.png
162.5,32.5001,stars_162.5_32.5001.png
207.5,47.5001,stars_207.5_47.5001.png
297.5,-82.5001,stars_297.5_-82.5001.png
247.5,-62.5001,stars_247.5_-62.5001.png
162.5,47.5001,stars_162.5_47.5001.png
97.5,57.5001,stars_97.5_57.5001.png
247.5,-42.5001,stars_247.5_-42.5001.png
252.5,22.5001,stars_252.5_22.5001.png
122.5,47.5001,stars_122.5_47.5001.png
42.5,52.5001,stars_42.5_52.5001.png
72.5,-82.5001,stars_72.5_-82.5001.png
172.5,-12.5001,stars_172.5_-12.5001.png
2.5,87.5001,stars_2.5_87.5001.png
317.5,67.5001,stars_317.5_67.5001.png
317.5,-87.5001,stars_317.5_-87.5001.png
117.5,-62.5001,stars_117.5_-62.5001.png
157.5,67.5001,stars_157.5_67.5001.png
262.5,-82.5001,stars_262.5_-82.5001.png
252.5,-72.5001,stars_252.5_-72.5001.png
267.5,17.5001,stars_267.5_17.5001.png
92.5,57.5001,stars_92.5_57.5001.png
82.5,12.5001,stars_82.5_12.5001.png
252.5,-57.5001,stars_252.5_-57.5001.png
177.5,-32.5001,stars_177.5_-32.5001.png
32.5,37.5001,stars_32.5_37.5001.png
227.5,-77.5001,stars_227.5_-77.5001.png
357.5,42.5001,stars_357.5_42.5001.png
252.5,72.5001,stars_252.5_72.5001.png
267.5,87.5001,stars_267.5_87.5001.png
352.5,-37.5001,stars_352.5_-37.5001.png
162.5,-27.5001,stars_162.5_-27.5001.png
232.5,52.5001,stars_232.5_52.5001.png
212.5,-72.5001,stars_212.5_-72.5001.png
262.5,42.5001,stars_262.5_42.5001.png
272.5,32.5001,stars_272.5_32.5001.png
77.5,-57.5001,stars_77.5_-57.5001.png
202.5,-82.5001,stars_202.5_-82.5001.png
2.5,52.5001,stars_2.5_52.5001.png
22.5,82.5001,stars_22.5_82.5001.png
292.5,-37.5001,stars_292.5_-37.5001.png
42.5,77.5001,stars_42.5_77.5001.png
87.5,52.5001,stars_87.5_52.5001.png
7.5,42.5001,stars_7.5_42.5001.png
132.5,-7.5001,stars_132.5_-7.5001.png
17.5,87.5001,stars_17.5_87.5001.png
277.5,-22.5001,stars_277.5_-22.5001.png
207.5,-82.5001,stars_207.5_-82.5001.png
252.5,32.5001,stars_252.5_32.5001.png
162.5,-82.5001,stars_162.5_-82.5001.png
117.5,-77.5001,stars_117.5_-77.5001.png
247.5,-57.5001,stars_247.5_-57.5001.png
207.5,32.5001,stars_207.5_32.5001.png
357.5,77.5001,stars_357.5_77.5001.png
142.5,-12.5001,stars_142.5_-12.5001.png
207.5,82.5001,stars_207.5_82.5001.png
102.5,22.5001,stars_102.5_22.5001.png
197.5,-7.5001,stars_197.5_-7.5001.png
132.5,-47.5001,stars_132.5_-47.5001.png
177.5,67.5001,stars_177.5_67.5001.png
187.5,-57.5001,stars_187.5_-57.5001.png
282.5,22.5001,stars_282.5_22.5001.png
272.5,12.5001,stars_272.5_12.5001.png
137.5,32.5001,stars_137.5_32.5001.png
177.5,-57.5001,stars_177.5_-57.5001.png
17.5,-62.5001,stars_17.5_-62.5001.png
297.5,-62.5001,stars_297.5_-62.5001.png
187.5,-17.5001,stars_187.5_-17.5001.png
192.5,-57.5001,stars_192.5_-57.5001.png
272.5,-42.5001,stars_272.5_-42.5001.png
222.5,-32.5001,stars_222.5_-32.5001.png
27.5,22.5001,stars_27.5_22.5001.png
337.5,-72.5001,stars_337.5_-72.5001.png
67.5,-72.5001,stars_67.5_-72.5001.png
92.5,-62.5001,stars_92.5_-62.5001.png
357.5,-32.5001,stars_357.5_-32.5001.png
42.5,2.5001,stars_42.5_2.5001.png
77.5,82.5001,stars_77.5_82.5001.png
77.5,42.5001,stars_77.5_42.5001.png
222.5,-87.5001,stars_222.5_-87.5001.png
7.5,-22.5001,stars_7.5_-22.5001.png
42.5,-22.5001,stars_42.5_-22.5001.png
82.5,-32.5001,stars_82.5_-32.5001.png
52.5,-72.5001,stars_52.5_-72.5001.png
177.5,2.5001,stars_177.5_2.5001.png
287.5,-42.5001,stars_287.5_-42.5001.png
142.5,72.5001,stars_142.5_72.5001.png
82.5,-57.5001,stars_82.5_-57.5001.png
117.5,77.5001,stars_117.5_77.5001.png
12.5,77.5001,stars_12.5_77.5001.png
312.5,-47.5001,stars_312.5_-47.5001.png
337.5,-52.5001,stars_337.5_-52.5001.png
322.5,-82.5001,stars_322.5_-82.5001.png
72.5,-42.5001,stars_72.5_-42.5001.png
17.5,-67.5001,stars_17.5_-67.5001.png
347.5,-67.5001,stars_347.5_-67.5001.png
277.5,77.5001,stars_277.5_77.5001.png
287.5,2.5001,stars_287.5_2.5001.png
12.5,-67.5001,stars_12.5_-67.5001.png
202.5,-2.5001,stars_202.5_-2.5001.png
52.5,32.5001,stars_52.5_32.5001.png
197.5,87.5001,stars_197.5_87.5001.png
352.5,47.5001,stars_352.5_47.5001.png
32.5,17.5001,stars_32.5_17.5001.png
7.5,-42.5001,stars_7.5_-42.5001.png
282.5,-52.5001,stars_282.5_-52.5001.png
132.5,-27.5001,stars_132.5_-27.5001.png
117.5,62.5001,stars_117.5_62.5001.png
332.5,32.5001,stars_332.5_32.5001.png
122.5,-47.5001,stars_122.5_-47.5001.png
307.5,37.5001,stars_307.5_37.5001.png
182.5,77.5001,stars_182.5_77.5001.png
157.5,47.5001,stars_157.5_47.5001.png
147.5,67.5001,stars_147.5_67.5001.png
47.5,-42.5001,stars_47.5_-42.5001.png
347.5,-62.5001,stars_347.5_-62.5001.png
242.5,32.5001,stars_242.5_32.5001.png
67.5,62.5001,stars_67.5_62.5001.png
27.5,-7.5001,stars_27.5_-7.5001.png
317.5,-72.5001,stars_317.5_-72.5001.png
342.5,-67.5001,stars_342.5_-67.5001.png
177.5,27.5001,stars_177.5_27.5001.png
182.5,87.5001,stars_182.5_87.5001.png
122.5,-7.5001,stars_122.5_-7.5001.png
27.5,-32.5001,stars_27.5_-32.5001.png
252.5,62.5001,stars_252.5_62.5001.png
152.5,67.5001,stars_152.5_67.5001.png
262.5,32.5001,stars_262.5_32.5001.png
47.5,22.5001,stars_47.5_22.5001.png
237.5,22.5001,stars_237.5_22.5001.png
122.5,42.5001,stars_122.5_42.5001.png
97.5,37.5001,stars_97.5_37.5001.png
282.5,-32.5001,stars_282.5_-32.5001.png
302.5,-47.5001,stars_302.5_-47.5001.png
52.5,-12.5001,stars_52.5_-12.5001.png
62.5,27.5001,stars_62.5_27.5001.png
242.5,-12.5001,stars_242.5_-12.5001.png
72.5,77.5001,stars_72.5_77.5001.png
262.5,22.5001,stars_262.5_22.5001.png
287.5,-37.5001,stars_287.5_-37.5001.png
132.5,-77.5001,stars_132.5_-77.5001.png
332.5,-62.5001,stars_332.5_-62.5001.png
337.5,-42.5001,stars_337.5_-42.5001.png
137.5,37.5001,stars_137.5_37.5001.png
22.5,-17.5001,stars_22.5_-17.5001.png
282.5,57.5001,stars_282.5_57.5001.png
342.5,32.5001,stars_342.5_32.5001.png
47.5,-72.5001,stars_47.5_-72.5001.png
347.5,77.5001,stars_347.5_77.5001.png
157.5,7.5001,stars_157.5_7.5001.png
2.5,57.5001,stars_2.5_57.5001.png
2.5,-32.5001,stars_2.5_-32.5001.png
107.5,-22.5001,stars_107.5_-22.5001.png
32.5,42.5001,stars_32.5_42.5001.png
222.5,-7.5001,stars_222.5_-7.5001.png
182.5,7.5001,stars_182.5_7.5001.png
47.5,-82.5001,stars_47.5_-82.5001.png
137.5,-7.5001,stars_137.5_-7.5001.png
127.5,-42.5001,stars_127.5_-42.5001.png
17.5,-2.5001,stars_17.5_-2.5001.png
312.5,42.5001,stars_312.5_42.5001.png
112.5,-32.5001,stars_112.5_-32.5001.png
182.5,-47.5001,stars_182.5_-47.5001.png
342.5,-12.5001,stars_342.5_-12.5001.png
242.5,-77.5001,stars_242.5_-77.5001.png
157.5,-52.5001,stars_157.5_-52.5001.png
117.5,2.5001,stars_117.5_2.5001.png
52.5,22.5001,stars_52.5_22.5001.png
177.5,-12.5001,stars_177.5_-12.5001.png
97.5,27.5001,stars_97.5_27.5001.png
27.5,-52.5001,stars_27.5_-52.5001.png
67.5,-77.5001,stars_67.5_-77.5001.png
227.5,77.5001,stars_227.5_77.5001.png
312.5,-32.5001,stars_312.5_-32.5001.png
242.5,67.5001,stars_242.5_67.5001.png
127.5,37.5001,stars_127.5_37.5001.png
132.5,-22.5001,stars_132.5_-22.5001.png
127.5,7.5001,stars_127.5_7.5001.png
2.5,77.5001,stars_2.5_77.5001.png
167.5,82.5001,stars_167.5_82.5001.png
332.5,-67.5001,stars_332.5_-67.5001.png
272.5,-32.5001,stars_272.5_-32.5001.png
22.5,-77.5001,stars_22.5_-77.5001.png
107.5,47.5001,stars_107.5_47.5001.png
222.5,-67.5001,stars_222.5_-67.5001.png
167.5,27.5001,stars_167.5_27.5001.png
242.5,-67.5001,stars_242.5_-67.5001.png
57.5,-67.5001,stars_57.5_-67.5001.png
312.5,-37.5001,stars_312.5_-37.5001.png
32.5,2.5001,stars_32.5_2.5001.png
337.5,67.5001,stars_337.5_67.5001.png
47.5,77.5001,stars_47.5_77.5001.png
152.5,-82.5001,stars_152.5_-82.5001.png
162.5,57.5001,stars_162.5_57.5001.png
127.5,-77.5001,stars_127.5_-77.5001.png
207.5,-67.5001,stars_207.5_-67.5001.png
97.5,-2.5001,stars_97.5_-2.5001.png
2.5,-2.5001,stars_2.5_-2.5001.png
302.5,57.5001,stars_302.5_57.5001.png
212.5,52.5001,stars_212.5_52.5001.png
202.5,-42.5001,stars_202.5_-42.5001.png
57.5,-2.5001,stars_57.5_-2.5001.png
262.5,-12.5001,stars_262.5_-12.5001.png
347.5,37.5001,stars_347.5_37.5001.png
117.5,17.5001,stars_117.5_17.5001.png
67.5,-47.5001,stars_67.5_-47.5001.png
317.5,-57.5001,stars_317.5_-57.5001.png
102.5,82.5001,stars_102.5_82.5001.png
152.5,-77.5001,stars_152.5_-77.5001.png
147.5,-77.5001,stars_147.5_-77.5001.png
282.5,-37.5001,stars_282.5_-37.5001.png
322.5,-7.5001,stars_322.5_-7.5001.png
357.5,-67.5001,stars_357.5_-67.5001.png
67.5,72.5001,stars_67.5_72.5001.png
222.5,57.5001,stars_222.5_57.5001.png
72.5,-22.5001,stars_72.5_-22.5001.png
62.5,57.5001,stars_62.5_57.5001.png
207.5,-77.5001,stars_207.5_-77.5001.png
77.5,22.5001,stars_77.5_22.5001.png
12.5,-17.5001,stars_12.5_-17.5001.png
77.5,7.5001,stars_77.5_7.5001.png
242.5,72.5001,stars_242.5_72.5001.png
352.5,-7.5001,stars_352.5_-7.5001.png
122.5,-32.5001,stars_122.5_-32.5001.png
177.5,42.5001,stars_177.5_42.5001.png
62.5,12.5001,stars_62.5_12.5001.png
342.5,-77.5001,stars_342.5_-77.5001.png
7.5,7.5001,stars_7.5_7.5001.png
222.5,82.5001,stars_222.5_82.5001.png
217.5,-2.5001,stars_217.5_-2.5001.png
132.5,-72.5001,stars_132.5_-72.5001.png
207.5,-57.5001,stars_207.5_-57.5001.png
152.5,12.5001,stars_152.5_12.5001.png
107.5,42.5001,stars_107.5_42.5001.png
107.5,-57.5001,stars_107.5_-57.5001.png
27.5,-72.5001,stars_27.5_-72.5001.png
242.5,22.5001,stars_242.5_22.5001.png
352.5,-57.5001,stars_352.5_-57.5001.png
352.5,62.5001,stars_352.5_62.5001.png
77.5,27.5001,stars_77.5_27.5001.png
212.5,-22.5001,stars_212.5_-22.5001.png
192.5,32.5001,stars_192.5_32.5001.png
287.5,-82.5001,stars_287.5_-82.5001.png
247.5,87.5001,stars_247.5_87.5001.png
252.5,-22.5001,stars_252.5_-22.5001.png
262.5,77.5001,stars_262.5_77.5001.png
177.5,17.5001,stars_177.5_17.5001.png
267.5,12.5001,stars_267.5_12.5001.png
67.5,52.5001,stars_67.5_52.5001.png
12.5,-42.5001,stars_12.5_-42.5001.png
27.5,32.5001,stars_27.5_32.5001.png
292.5,42.5001,stars_292.5_42.5001.png
117.5,32.5001,stars_117.5_32.5001.png
157.5,2.5001,stars_157.5_2.5001.png
102.5,62.5001,stars_102.5_62.5001.png
72.5,17.5001,stars_72.5_17.5001.png
7.5,32.5001,stars_7.5_32.5001.png
232.5,17.5001,stars_232.5_17.5001.png
157.5,-32.5001,stars_157.5_-32.5001.png
37.5,-47.5001,stars_37.5_-47.5001.png
262.5,57.5001,stars_262.5_57.5001.png
7.5,37.5001,stars_7.5_37.5001.png
37.5,-37.5001,stars_37.5_-37.5001.png
127.5,-2.5001,stars_127.5_-2.5001.png
112.5,82.5001,stars_112.5_82.5001.png
132.5,87.5001,stars_132.5_87.5001.png
317.5,-62.5001,stars_317.5_-62.5001.png
277.5,-72.5001,stars_277.5_-72.5001.png
137.5,-42.5001,stars_137.5_-42.5001.png
47.5,57.5001,stars_47.5_57.5001.png
337.5,17.5001,stars_337.5_17.5001.png
262.5,2.5001,stars_262.5_2.5001.png
62.5,-12.5001,stars_62.5_-12.5001.png
187.5,67.5001,stars_187.5_67.5001.png
247.5,2.5001,stars_247.5_2.5001.png
347.5,-57.5001,stars_347.5_-57.5001.png
122.5,12.5001,stars_122.5_12.5001.png
57.5,62.5001,stars_57.5_62.5001.png
122.5,2.5001,stars_122.5_2.5001.png
327.5,-82.5001,stars_327.5_-82.5001.png
47.5,17.5001,stars_47.5_17.5001.png
282.5,12.5001,stars_282.5_12.5001.png
187.5,-27.5001,stars_187.5_-27.5001.png
117.5,-42.5001,stars_117.5_-42.5001.png
47.5,62.5001,stars_47.5_62.5001.png
247.5,52.5001,stars_247.5_52.5001.png
97.5,47.5001,stars_97.5_47.5001.png
312.5,2.5001,stars_312.5_2.5001.png
147.5,22.5001,stars_147.5_22.5001.png
97.5,72.5001,stars_97.5_72.5001.png
307.5,-32.5001,stars_307.5_-32.5001.png
92.5,-17.5001,stars_92.5_-17.5001.png
172.5,57.5001,stars_172.5_57.5001.png
122.5,-12.5001,stars_122.5_-12.5001.png
82.5,57.5001,stars_82.5_57.5001.png
122.5,-77.5001,stars_122.5_-77.5001.png
42.5,27.5001,stars_42.5_27.5001.png
122.5,57.5001,stars_122.5_57.5001.png
187.5,-67.5001,stars_187.5_-67.5001.png
197.5,-47.5001,stars_197.5_-47.5001.png
152.5,-27.5001,stars_152.5_-27.5001.png
207.5,-12.5001,stars_207.5_-12.5001.png
67.5,27.5001,stars_67.5_27.5001.png
317.5,42.5001,stars_317.5_42.5001.png
27.5,87.5001,stars_27.5_87.5001.png
212.5,12.5001,stars_212.5_12.5001.png
312.5,-2.5001,stars_312.5_-2.5001.png
337.5,-17.5001,stars_337.5_-17.5001.png
67.5,67.5001,stars_67.5_67.5001.png
82.5,-62.5001,stars_82.5_-62.5001.png
57.5,-87.5001,stars_57.5_-87.5001.png
57.5,12.5001,stars_57.5_12.5001.png
297.5,-37.5001,stars_297.5_-37.5001.png
167.5,-17.5001,stars_167.5_-17.5001.png
107.5,-12.5001,stars_107.5_-12.5001.png
32.5,12.5001,stars_32.5_12.5001.png
302.5,77.5001,stars_302.5_77.5001.png
322.5,-32.5001,stars_322.5_-32.5001.png
227.5,37.5001,stars_227.5_37.5001.png
112.5,-17.5001,stars_112.5_-17.5001.png
277.5,-62.5001,stars_277.5_-62.5001.png
7.5,-32.5001,stars_7.5_-32.5001.png
302.5,-22.5001,stars_302.5_-22.5001.png
332.5,-87.5001,stars_332.5_-87.5001.png
82.5,77.5001,stars_82.5_77.5001.png
352.5,-52.5001,stars_352.5_-52.5001.png
32.5,82.5001,stars_32.5_82.5001.png
202.5,47.5001,stars_202.5_47.5001.png
237.5,-52.5001,stars_237.5_-52.5001.png
332.5,27.5001,stars_332.5_27.5001.png
77.5,-67.5001,stars_77.5_-67.5001.png
87.5,-42.5001,stars_87.5_-42.5001.png
352.5,7.5001,stars_352.5_7.5001.png
87.5,-87.5001,stars_87.5_-87.5001.png
12.5,-7.5001,stars_12.5_-7.5001.png
112.5,57.5001,stars_112.5_57.5001.png
232.5,-57.5001,stars_232.5_-57.5001.png
82.5,-77.5001,stars_82.5_-77.5001.png
197.5,17.5001,stars_197.5_17.5001.png
352.5,32.5001,stars_352.5_32.5001.png
247.5,-37.5001,stars_247.5_-37.5001.png
317.5,-2.5001,stars_317.5_-2.5001.png
207.5,72.5001,stars_207.5_72.5001.png
122.5,-27.5001,stars_122.5_-27.5001.png
47.5,72.5001,stars_47.5_72.5001.png
47.5,-67.5001,stars_47.5_-67.5001.png
332.5,-72.5001,stars_332.5_-72.5001.png
212.5,87.5001,stars_212.5_87.5001.png
247.5,42.5001,stars_247.5_42.5001.png
167.5,-12.5001,stars_167.5_-12.5001.png
292.5,-12.5001,stars_292.5_-12.5001.png
237.5,12.5001,stars_237.5_12.5001.png
342.5,67.5001,stars_342.5_67.5001.png
342.5,-37.5001,stars_342.5_-37.5001.png
102.5,-47.5001,stars_102.5_-47.5001.png
337.5,-27.5001,stars_337.5_-27.5001.png
302.5,-42.5001,stars_302.5_-42.5001.png
172.5,-87.5001,stars_172.5_-87.5001.png
162.5,-57.5001,stars_162.5_-57.5001.png
97.5,87.5001,stars_97.5_87.5001.png
2.5,62.5001,stars_2.5_62.5001.png
87.5,62.5001,stars_87.5_62.5001.png
87.5,-37.5001,stars_87.5_-37.5001.png
237.5,-42.5001,stars_237.5_-42.5001.png
352.5,-17.5001,stars_352.5_-17.5001.png
22.5,17.5001,stars_22.5_17.5001.png
72.5,-2.5001,stars_72.5_-2.5001.png
197.5,22.5001,stars_197.5_22.5001.png
232.5,-32.5001,stars_232.5_-32.5001.png
27.5,62.5001,stars_27.5_62.5001.png
357.5,-42.5001,stars_357.5_-42.5001.png
47.5,-12.5001,stars_47.5_-12.5001.png
137.5,67.5001,stars_137.5_67.5001.png
327.5,-37.5001,stars_327.5_-37.5001.png
247.5,77.5001,stars_247.5_77.5001.png
337.5,22.5001,stars_337.5_22.5001.png
172.5,-82.5001,stars_172.5_-82.5001.png
102.5,12.5001,stars_102.5_12.5001.png
227.5,-57.5001,stars_227.5_-57.5001.png
162.5,-42.5001,stars_162.5_-42.5001.png
2.5,-12.5001,stars_2.5_-12.5001.png
12.5,-12.5001,stars_12.5_-12.5001.png
302.5,-17.5001,stars_302.5_-17.5001.png
112.5,37.5001,stars_112.5_37.5001.png
127.5,22.5001,stars_127.5_22.5001.png
87.5,-27.5001,stars_87.5_-27.5001.png
342.5,-62.5001,stars_342.5_-62.5001.png
322.5,-12.5001,stars_322.5_-12.5001.png
272.5,-72.5001,stars_272.5_-72.5001.png
62.5,-67.5001,stars_62.5_-67.5001.png
132.5,12.5001,stars_132.5_12.5001.png
67.5,-87.5001,stars_67.5_-87.5001.png
237.5,-47.5001,stars_237.5_-47.5001.png
167.5,-47.5001,stars_167.5_-47.5001.png
312.5,-62.5001,stars_312.5_-62.5001.png
127.5,52.5001,stars_127.5_52.5001.png
352.5,22.5001,stars_352.5_22.5001.png
287.5,87.5001,stars_287.5_87.5001.png
117.5,-7.5001,stars_117.5_-7.5001.png
272.5,47.5001,stars_272.5_47.5001.png
32.5,-37.5001,stars_32.5_-37.5001.png
332.5,-2.5001,stars_332.5_-2.5001.png
112.5,-77.5001,stars_112.5_-77.5001.png
312.5,-77.5001,stars_312.5_-77.5001.png
217.5,-22.5001,stars_217.5_-22.5001.png
172.5,-47.5001,stars_172.5_-47.5001.png
212.5,42.5001,stars_212.5_42.5001.png
152.5,2.5001,stars_152.5_2.5001.png
142.5,-47.5001,stars_142.5_-47.5001.png
77.5,-17.5001,stars_77.5_-17.5001.png
42.5,17.5001,stars_42.5_17.5001.png
332.5,22.5001,stars_332.5_22.5001.png
237.5,47.5001,stars_237.5_47.5001.png
322.5,42.5001,stars_322.5_42.5001.png
152.5,-62.5001,stars_152.5_-62.5001.png
152.5,-32.5001,stars_152.5_-32.5001.png
12.5,-82.5001,stars_12.5_-82.5001.png
47.5,87.5001,stars_47.5_87.5001.png
132.5,-82.5001,stars_132.5_-82.5001.png
22.5,-67.5001,stars_22.5_-67.5001.png
267.5,-67.5001,stars_267.5_-67.5001.png
297.5,22.5001,stars_297.5_22.5001.png
112.5,-27.5001,stars_112.5_-27.5001.png
172.5,7.5001,stars_172.5_7.5001.png
187.5,17.5001,stars_187.5_17.5001.png
92.5,-42.5001,stars_92.5_-42.5001.png
107.5,52.5001,stars_107.5_52.5001.png
147.5,57.5001,stars_147.5_57.5001.png
147.5,47.5001,stars_147.5_47.5001.png
122.5,32.5001,stars_122.5_32.5001.png
47.5,-22.5001,stars_47.5_-22.5001.png
117.5,-37.5001,stars_117.5_-37.5001.png
37.5,-62.5001,stars_37.5_-62.5001.png
47.5,47.5001,stars_47.5_47.5001.png
32.5,-27.5001,stars_32.5_-27.5001.png
97.5,52.5001,stars_97.5_52.5001.png
342.5,72.5001,stars_342.5_72.5001.png
7.5,87.5001,stars_7.5_87.5001.png
317.5,17.5001,stars_317.5_17.5001.png
297.5,32.5001,stars_297.5_32.5001.png
257.5,12.5001,stars_257.5_12.5001.png
177.5,-17.5001,stars_177.5_-17.5001.png
317.5,-12.5001,stars_317.5_-12.5001.png
262.5,-22.5001,stars_262.5_-22.5001.png
317.5,-32.5001,stars_317.5_-32.5001.png
222.5,-42.5001,stars_222.5_-42.5001.png
267.5,-87.5001,stars_267.5_-87.5001.png
62.5,-7.5001,stars_62.5_-7.5001.png
272.5,-57.5001,stars_272.5_-57.5001.png
197.5,-82.5001,stars_197.5_-82.5001.png
357.5,47.5001,stars_357.5_47.5001.png
122.5,-57.5001,stars_122.5_-57.5001.png
222.5,87.5001,stars_222.5_87.5001.png
207.5,-87.5001,stars_207.5_-87.5001.png
292.5,-27.5001,stars_292.5_-27.5001.png
27.5,-12.5001,stars_27.5_-12.5001.png
342.5,-17.5001,stars_342.5_-17.5001.png
237.5,-22.5001,stars_237.5_-22.5001.png
117.5,87.5001,stars_117.5_87.5001.png
187.5,52.5001,stars_187.5_52.5001.png
57.5,27.5001,stars_57.5_27.5001.png
152.5,32.5001,stars_152.5_32.5001.png
227.5,87.5001,stars_227.5_87.5001.png
92.5,77.5001,stars_92.5_77.5001.png
77.5,-87.5001,stars_77.5_-87.5001.png
257.5,57.5001,stars_257.5_57.5001.png
277.5,42.5001,stars_277.5_42.5001.png
112.5,-52.5001,stars_112.5_-52.5001.png
337.5,-77.5001,stars_337.5_-77.5001.png
312.5,-22.5001,stars_312.5_-22.5001.png
57.5,-12.5001,stars_57.5_-12.5001.png
42.5,72.5001,stars_42.5_72.5001.png
222.5,72.5001,stars_222.5_72.5001.png
147.5,-27.5001,stars_147.5_-27.5001.png
92.5,72.5001,stars_92.5_72.5001.png
352.5,-62.5001,stars_352.5_-62.5001.png
262.5,-87.5001,stars_262.5_-87.5001.png
202.5,62.5001,stars_202.5_62.5001.png
142.5,-42.5001,stars_142.5_-42.5001.png
257.5,-42.5001,stars_257.5_-42.5001.png
27.5,47.5001,stars_27.5_47.5001.png
337.5,-87.5001,stars_337.5_-87.5001.png
112.5,-57.5001,stars_112.5_-57.5001.png
242.5,-47.5001,stars_242.5_-47.5001.png
257.5,2.5001,stars_257.5_2.5001.png
237.5,27.5001,stars_237.5_27.5001.png
187.5,42.5001,stars_187.5_42.5001.png
192.5,-47.5001,stars_192.5_-47.5001.png
192.5,62.5001,stars_192.5_62.5001.png
262.5,-42.5001,stars_262.5_-42.5001.png
32.5,-12.5001,stars_32.5_-12.5001.png
327.5,32.5001,stars_327.5_32.5001.png
307.5,-82.5001,stars_307.5_-82.5001.png
37.5,42.5001,stars_37.5_42.5001.png
157.5,57.5001,stars_157.5_57.5001.png
217.5,72.5001,stars_217.5_72.5001.png
82.5,67.5001,stars_82.5_67.5001.png
342.5,22.5001,stars_342.5_22.5001.png
182.5,57.5001,stars_182.5_57.5001.png
127.5,17.5001,stars_127.5_17.5001.png
12.5,-72.5001,stars_12.5_-72.5001.png
87.5,17.5001,stars_87.5_17.5001.png
152.5,-12.5001,stars_152.5_-12.5001.png
237.5,-12.5001,stars_237.5_-12.5001.png
157.5,-27.5001,stars_157.5_-27.5001.png
267.5,-37.5001,stars_267.5_-37.5001.png
42.5,-37.5001,stars_42.5_-37.5001.png
177.5,-62.5001,stars_177.5_-62.5001.png
257.5,-52.5001,stars_257.5_-52.5001.png
52.5,-42.5001,stars_52.5_-42.5001.png
142.5,12.5001,stars_142.5_12.5001.png
182.5,-22.5001,stars_182.5_-22.5001.png
287.5,7.5001,stars_287.5_7.5001.png
42.5,-82.5001,stars_42.5_-82.5001.png
167.5,17.5001,stars_167.5_17.5001.png
177.5,-52.5001,stars_177.5_-52.5001.png
332.5,-47.5001,stars_332.5_-47.5001.png
182.5,-87.5001,stars_182.5_-87.5001.png
212.5,37.5001,stars_212.5_37.5001.png
32.5,-52.5001,stars_32.5_-52.5001.png
317.5,37.5001,stars_317.5_37.5001.png
272.5,82.5001,stars_272.5_82.5001.png
77.5,-2.5001,stars_77.5_-2.5001.png
207.5,-37.5001,stars_207.5_-37.5001.png
2.5,37.5001,stars_2.5_37.5001.png
217.5,-42.5001,stars_217.5_-42.5001.png
187.5,-12.5001,stars_187.5_-12.5001.png
162.5,-52.5001,stars_162.5_-52.5001.png
157.5,22.5001,stars_157.5_22.5001.png
82.5,-87.5001,stars_82.5_-87.5001.png
237.5,37.5001,stars_237.5_37.5001.png
242.5,-17.5001,stars_242.5_-17.5001.png
302.5,82.5001,stars_302.5_82.5001.png
317.5,62.5001,stars_317.5_62.5001.png
42.5,32.5001,stars_42.5_32.5001.png
2.5,-37.5001,stars_2.5_-37.5001.png
12.5,87.5001,stars_12.5_87.5001.png
272.5,-82.5001,stars_272.5_-82.5001.png
107.5,57.5001,stars_107.5_57.5001.png
312.5,-27.5001,stars_312.5_-27.5001.png
232.5,-82.5001,stars_232.5_-82.5001.png
332.5,-12.5001,stars_332.5_-12.5001.png
282.5,-57.5001,stars_282.5_-57.5001.png
182.5,-77.5001,stars_182.5_-77.5001.png
42.5,-72.5001,stars_42.5_-72.5001.png
232.5,72.5001,stars_232.5_72.5001.png
77.5,77.5001,stars_77.5_77.5001.png
317.5,2.5001,stars_317.5_2.5001.png
177.5,-22.5001,stars_177.5_-22.5001.png
162.5,-67.5001,stars_162.5_-67.5001.png
152.5,22.5001,stars_152.5_22.5001.png
197.5,37.5001,stars_197.5_37.5001.png
187.5,-82.5001,stars_187.5_-82.5001.png
287.5,82.5001,stars_287.5_82.5001.png
107.5,-82.5001,stars_107.5_-82.5001.png
277.5,-82.5001,stars_277.5_-82.5001.png
197.5,77.5001,stars_197.5_77.5001.png
42.5,82.5001,stars_42.5_82.5001.png
257.5,-12.5001,stars_257.5_-12.5001.png
97.5,-77.5001,stars_97.5_-77.5001.png
262.5,-37.5001,stars_262.5_-37.5001.png
67.5,47.5001,stars_67.5_47.5001.png
122.5,-52.5001,stars_122.5_-52.5001.png
77.5,-77.5001,stars_77.5_-77.5001.png
62.5,2.5001,stars_62.5_2.5001.png
232.5,82.5001,stars_232.5_82.5001.png
172.5,22.5001,stars_172.5_22.5001.png
322.5,-37.5001,stars_322.5_-37.5001.png
327.5,-72.5001,stars_327.5_-72.5001.png
142.5,67.5001,stars_142.5_67.5001.png
52.5,72.5001,stars_52.5_72.5001.png
2.5,82.5001,stars_2.5_82.5001.png
117.5,-17.5001,stars_117.5_-17.5001.png
52.5,-37.5001,stars_52.5_-37.5001.png
122.5,7.5001,stars_122.5_7.5001.png
252.5,82.5001,stars_252.5_82.5001.png
52.5,47.5001,stars_52.5_47.5001.png
12.5,67.5001,stars_12.5_67.5001.png
222.5,-37.5001,stars_222.5_-37.5001.png
227.5,-62.5001,stars_227.5_-62.5001.png
52.5,62.5001,stars_52.5_62.5001.png
217.5,-77.5001,stars_217.5_-77.5001.png
337.5,-67.5001,stars_337.5_-67.5001.png
52.5,-47.5001,stars_52.5_-47.5001.png
62.5,-62.5001,stars_62.5_-62.5001.png
232.5,42.5001,stars_232.5_42.5001.png
137.5,7.5001,stars_137.5_7.5001.png
157.5,77.5001,stars_157.5_77.5001.png
302.5,-2.5001,stars_302.5_-2.5001.png
312.5,-42.5001,stars_312.5_-42.5001.png
282.5,2.5001,stars_282.5_2.5001.png
182.5,-72.5001,stars_182.5_-72.5001.png
132.5,72.5001,stars_132.5_72.5001.png
312.5,-17.5001,stars_312.5_-17.5001.png
302.5,-57.5001,stars_302.5_-57.5001.png
287.5,32.5001,stars_287.5_32.5001.png
42.5,-87.5001,stars_42.5_-87.5001.png
32.5,-82.5001,stars_32.5_-82.5001.png
322.5,82.5001,stars_322.5_82.5001.png
72.5,52.5001,stars_72.5_52.5001.png
117.5,-67.5001,stars_117.5_-67.5001.png
232.5,87.5001,stars_232.5_87.5001.png
192.5,-32.5001,stars_192.5_-32.5001.png
227.5,-27.5001,stars_227.5_-27.5001.png
52.5,42.5001,stars_52.5_42.5001.png
267.5,-27.5001,stars_267.5_-27.5001.png
82.5,-82.5001,stars_82.5_-82.5001.png
317.5,-17.5001,stars_317.5_-17.5001.png
12.5,32.5001,stars_12.5_32.5001.png
42.5,-12.5001,stars_42.5_-12.5001.png
87.5,7.5001,stars_87.5_7.5001.png
67.5,-67.5001,stars_67.5_-67.5001.png
352.5,-12.5001,stars_352.5_-12.5001.png
87.5,-12.5001,stars_87.5_-12.5001.png
347.5,-7.5001,stars_347.5_-7.5001.png
142.5,22.5001,stars_142.5_22.5001.png
17.5,7.5001,stars_17.5_7.5001.png
162.5,77.5001,stars_162.5_77.5001.png
147.5,-7.5001,stars_147.5_-7.5001.png
152.5,42.5001,stars_152.5_42.5001.png
117.5,52.5001,stars_117.5_52.5001.png
302.5,-67.5001,stars_302.5_-67.5001.png
182.5,-32.5001,stars_182.5_-32.5001.png
157.5,62.5001,stars_157.5_62.5001.png
267.5,-32.5001,stars_267.5_-32.5001.png
107.5,72.5001,stars_107.5_72.5001.png
182.5,-67.5001,stars_182.5_-67.5001.png
137.5,27.5001,stars_137.5_27.5001.png
327.5,62.5001,stars_327.5_62.5001.png
97.5,-47.5001,stars_97.5_-47.5001.png
312.5,47.5001,stars_312.5_47.5001.png
217.5,22.5001,stars_217.5_22.5001.png
57.5,82.5001,stars_57.5_82.5001.png
307.5,57.5001,stars_307.5_57.5001.png
322.5,-47.5001,stars_322.5_-47.5001.png
7.5,57.5001,stars_7.5_57.5001.png
97.5,-42.5001,stars_97.5_-42.5001.png
277.5,-57.5001,stars_277.5_-57.5001.png
27.5,-37.5001,stars_27.5_-37.5001.png
7.5,-7.5001,stars_7.5_-7.5001.png
7.5,-87.5001,stars_7.5_-87.5001.png
67.5,-82.5001,stars_67.5_-82.5001.png
282.5,-12.5001,stars_282.5_-12.5001.png
227.5,-22.5001,stars_227.5_-22.5001.png
27.5,82.5001,stars_27.5_82.5001.png
72.5,12.5001,stars_72.5_12.5001.png
127.5,-57.5001,stars_127.5_-57.5001.png
147.5,-47.5001,stars_147.5_-47.5001.png
232.5,-42.5001,stars_232.5_-42.5001.png
37.5,37.5001,stars_37.5_37.5001.png
357.5,-37.5001,stars_357.5_-37.5001.png
262.5,-7.5001,stars_262.5_-7.5001.png
112.5,-12.5001,stars_112.5_-12.5001.png
147.5,82.5001,stars_147.5_82.5001.png
137.5,17.5001,stars_137.5_17.5001.png
207.5,22.5001,stars_207.5_22.5001.png
202.5,52.5001,stars_202.5_52.5001.png
177.5,-7.5001,stars_177.5_-7.5001.png
197.5,-22.5001,stars_197.5_-22.5001.png
347.5,-82.5001,stars_347.5_-82.5001.png
242.5,-32.5001,stars_242.5_-32.5001.png
227.5,57.5001,stars_227.5_57.5001.png
27.5,-77.5001,stars_27.5_-77.5001.png
177.5,-42.5001,stars_177.5_-42.5001.png
317.5,87.5001,stars_317.5_87.5001.png
172.5,-67.5001,stars_172.5_-67.5001.png
342.5,-42.5001,stars_342.5_-42.5001.png
222.5,37.5001,stars_222.5_37.5001.png
202.5,37.5001,stars_202.5_37.5001.png
22.5,-7.5001,stars_22.5_-7.5001.png
237.5,-82.5001,stars_237.5_-82.5001.png
347.5,57.5001,stars_347.5_57.5001.png
82.5,-67.5001,stars_82.5_-67.5001.png
12.5,7.5001,stars_12.5_7.5001.png
112.5,-47.5001,stars_112.5_-47.5001.png
72.5,32.5001,stars_72.5_32.5001.png
102.5,-2.5001,stars_102.5_-2.5001.png
192.5,-2.5001,stars_192.5_-2.5001.png
47.5,-77.5001,stars_47.5_-77.5001.png
92.5,27.5001,stars_92.5_27.5001.png
52.5,-87.5001,stars_52.5_-87.5001.png
307.5,7.5001,stars_307.5_7.5001.png
182.5,37.5001,stars_182.5_37.5001.png
77.5,-32.5001,stars_77.5_-32.5001.png
32.5,57.5001,stars_32.5_57.5001.png
207.5,52.5001,stars_207.5_52.5001.png
332.5,-37.5001,stars_332.5_-37.5001.png
262.5,-2.5001,stars_262.5_-2.5001.png
247.5,-47.5001,stars_247.5_-47.5001.png
72.5,72.5001,stars_72.5_72.5001.png
307.5,-52.5001,stars_307.5_-52.5001.png
12.5,-32.5001,stars_12.5_-32.5001.png
27.5,-62.5001,stars_27.5_-62.5001.png
292.5,87.5001,stars_292.5_87.5001.png
127.5,-62.5001,stars_127.5_-62.5001.png
72.5,-37.5001,stars_72.5_-37.5001.png
92.5,47.5001,stars_92.5_47.5001.png
217.5,-27.5001,stars_217.5_-27.5001.png
142.5,-57.5001,stars_142.5_-57.5001.png
257.5,-57.5001,stars_257.5_-57.5001.png
252.5,12.5001,stars_252.5_12.5001.png
157.5,-2.5001,stars_157.5_-2.5001.png
262.5,67.5001,stars_262.5_67.5001.png
7.5,-62.5001,stars_7.5_-62.5001.png
37.5,2.5001,stars_37.5_2.5001.png
307.5,-87.5001,stars_307.5_-87.5001.png
117.5,-52.5001,stars_117.5_-52.5001.png
207.5,27.5001,stars_207.5_27.5001.png
292.5,2.5001,stars_292.5_2.5001.png
87.5,-7.5001,stars_87.5_-7.5001.png
297.5,17.5001,stars_297.5_17.5001.png
302.5,7.5001,stars_302.5_7.5001.png
202.5,67.5001,stars_202.5_67.5001.png
32.5,-72.5001,stars_32.5_-72.5001.png
352.5,-87.5001,stars_352.5_-87.5001.png
217.5,87.5001,stars_217.5_87.5001.png
157.5,32.5001,stars_157.5_32.5001.png
277.5,-67.5001,stars_277.5_-67.5001.png
212.5,-42.5001,stars_212.5_-42.5001.png
147.5,72.5001,stars_147.5_72.5001.png
2.5,-27.5001,stars_2.5_-27.5001.png
147.5,-37.5001,stars_147.5_-37.5001.png
82.5,-22.5001,stars_82.5_-22.5001.png
62.5,47.5001,stars_62.5_47.5001.png
267.5,-82.5001,stars_267.5_-82.5001.png
352.5,-2.5001,stars_352.5_-2.5001.png
202.5,42.5001,stars_202.5_42.5001.png
357.5,-57.5001,stars_357.5_-57.5001.png
167.5,-77.5001,stars_167.5_-77.5001.png
297.5,87.5001,stars_297.5_87.5001.png
312.5,-7.5001,stars_312.5_-7.5001.png
137.5,-32.5001,stars_137.5_-32.5001.png
322.5,22.5001,stars_322.5_22.5001.png
287.5,-62.5001,stars_287.5_-62.5001.png
17.5,47.5001,stars_17.5_47.5001.png
357.5,87.5001,stars_357.5_87.5001.png
342.5,2.5001,stars_342.5_2.5001.png
157.5,-77.5001,stars_157.5_-77.5001.png
52.5,-27.5001,stars_52.5_-27.5001.png
27.5,42.5001,stars_27.5_42.5001.png
217.5,57.5001,stars_217.5_57.5001.png
237.5,7.5001,stars_237.5_7.5001.png
27.5,-47.5001,stars_27.5_-47.5001.png
242.5,87.5001,stars_242.5_87.5001.png
187.5,2.5001,stars_187.5_2.5001.png
352.5,-47.5001,stars_352.5_-47.5001.png
347.5,2.5001,stars_347.5_2.5001.png
307.5,-17.5001,stars_307.5_-17.5001.png
172.5,-77.5001,stars_172.5_-77.5001.png
87.5,-22.5001,stars_87.5_-22.5001.png
87.5,-47.5001,stars_87.5_-47.5001.png
197.5,-27.5001,stars_197.5_-27.5001.png
302.5,47.5001,stars_302.5_47.5001.png
202.5,27.5001,stars_202.5_27.5001.png
257.5,32.5001,stars_257.5_32.5001.png
357.5,27.5001,stars_357.5_27.5001.png
287.5,-57.5001,stars_287.5_-57.5001.png
287.5,-77.5001,stars_287.5_-77.5001.png
167.5,22.5001,stars_167.5_22.5001.png
12.5,27.5001,stars_12.5_27.5001.png
67.5,32.5001,stars_67.5_32.5001.png
212.5,-17.5001,stars_212.5_-17.5001.png
312.5,22.5001,stars_312.5_22.5001.png
287.5,57.5001,stars_287.5_57.5001.png
347.5,42.5001,stars_347.5_42.5001.png
157.5,27.5001,stars_157.5_27.5001.png
282.5,87.5001,stars_282.5_87.5001.png
202.5,-62.5001,stars_202.5_-62.5001.png
277.5,37.5001,stars_277.5_37.5001.png
312.5,-52.5001,stars_312.5_-52.5001.png
147.5,37.5001,stars_147.5_37.5001.png
67.5,-12.5001,stars_67.5_-12.5001.png
222.5,47.5001,stars_222.5_47.5001.png
237.5,52.5001,stars_237.5_52.5001.png
282.5,37.5001,stars_282.5_37.5001.png
327.5,-22.5001,stars_327.5_-22.5001.png
302.5,42.5001,stars_302.5_42.5001.png
202.5,-57.5001,stars_202.5_-57.5001.png
287.5,62.5001,stars_287.5_62.5001.png
307.5,87.5001,stars_307.5_87.5001.png
62.5,17.5001,stars_62.5_17.5001.png
117.5,-72.5001,stars_117.5_-72.5001.png
147.5,2.5001,stars_147.5_2.5001.png
187.5,77.5001,stars_187.5_77.5001.png
22.5,57.5001,stars_22.5_57.5001.png
22.5,-2.5001,stars_22.5_-2.5001.png
32.5,77.5001,stars_32.5_77.5001.png
87.5,-62.5001,stars_87.5_-62.5001.png
222.5,62.5001,stars_222.5_62.5001.png
227.5,-12.5001,stars_227.5_-12.5001.png
67.5,37.5001,stars_67.5_37.5001.png
262.5,-32.5001,stars_262.5_-32.5001.png
297.5,-17.5001,stars_297.5_-17.5001.png
107.5,17.5001,stars_107.5_17.5001.png
257.5,-87.5001,stars_257.5_-87.5001.png
152.5,77.5001,stars_152.5_77.5001.png
17.5,-22.5001,stars_17.5_-22.5001.png
182.5,27.5001,stars_182.5_27.5001.png
357.5,-47.5001,stars_357.5_-47.5001.png
7.5,-72.5001,stars_7.5_-72.5001.png
7.5,-37.5001,stars_7.5_-37.5001.png
242.5,27.5001,stars_242.5_27.5001.png
337.5,-2.5001,stars_337.5_-2.5001.png
72.5,42.5001,stars_72.5_42.5001.png
267.5,2.5001,stars_267.5_2.5001.png
47.5,-87.5001,stars_47.5_-87.5001.png
267.5,-52.5001,stars_267.5_-52.5001.png
242.5,62.5001,stars_242.5_62.5001.png
2.5,-57.5001,stars_2.5_-57.5001.png
307.5,-7.5001,stars_307.5_-7.5001.png
227.5,-32.5001,stars_227.5_-32.5001.png
292.5,77.5001,stars_292.5_77.5001.png
222.5,67.5001,stars_222.5_67.5001.png
322.5,7.5001,stars_322.5_7.5001.png
82.5,-27.5001,stars_82.5_-27.5001.png
352.5,12.5001,stars_352.5_12.5001.png
302.5,22.5001,stars_302.5_22.5001.png
267.5,-72.5001,stars_267.5_-72.5001.png
252.5,42.5001,stars_252.5_42.5001.png
187.5,72.5001,stars_187.5_72.5001.png
132.5,-12.5001,stars_132.5_-12.5001.png
242.5,12.5001,stars_242.5_12.5001.png
282.5,17.5001,stars_282.5_17.5001.png
172.5,-62.5001,stars_172.5_-62.5001.png
147.5,27.5001,stars_147.5_27.5001.png
357.5,82.5001,stars_357.5_82.5001.png
317.5,-67.5001,stars_317.5_-67.5001.png
152.5,-2.5001,stars_152.5_-2.5001.png
142.5,57.5001,stars_142.5_57.5001.png
252.5,-87.5001,stars_252.5_-87.5001.png
217.5,42.5001,stars_217.5_42.5001.png
292.5,-82.5001,stars_292.5_-82.5001.png
277.5,82.5001,stars_277.5_82.5001.png
262.5,-17.5001,stars_262.5_-17.5001.png
157.5,42.5001,stars_157.5_42.5001.png
232.5,12.5001,stars_232.5_12.5001.png
72.5,-57.5001,stars_72.5_-57.5001.png
192.5,2.5001,stars_192.5_2.5001.png
267.5,62.5001,stars_267.5_62.5001.png
342.5,7.5001,stars_342.5_7.5001.png
337.5,82.5001,stars_337.5_82.5001.png
262.5,47.5001,stars_262.5_47.5001.png
127.5,-7.5001,stars_127.5_-7.5001.png
27.5,52.5001,stars_27.5_52.5001.png
202.5,-67.5001,stars_202.5_-67.5001.png
107.5,12.5001,stars_107.5_12.5001.png
222.5,-77.5001,stars_222.5_-77.5001.png
207.5,42.5001,stars_207.5_42.5001.png
267.5,-2.5001,stars_267.5_-2.5001.png
182.5,2.5001,stars_182.5_2.5001.png
92.5,22.5001,stars_92.5_22.5001.png
7.5,17.5001,stars_7.5_17.5001.png
222.5,2.5001,stars_222.5_2.5001.png
7.5,-27.5001,stars_7.5_-27.5001.png
347.5,62.5001,stars_347.5_62.5001.png
322.5,-22.5001,stars_322.5_-22.5001.png
262.5,62.5001,stars_262.5_62.5001.png
222.5,12.5001,stars_222.5_12.5001.png
117.5,22.5001,stars_117.5_22.5001.png
162.5,7.5001,stars_162.5_7.5001.png
172.5,82.5001,stars_172.5_82.5001.png
297.5,-7.5001,stars_297.5_-7.5001.png
317.5,27.5001,stars_317.5_27.5001.png
137.5,47.5001,stars_137.5_47.5001.png
357.5,-82.5001,stars_357.5_-82.5001.png
2.5,32.5001,stars_2.5_32.5001.png
57.5,72.5001,stars_57.5_72.5001.png
12.5,42.5001,stars_12.5_42.5001.png
187.5,-7.5001,stars_187.5_-7.5001.png
82.5,-47.5001,stars_82.5_-47.5001.png
242.5,77.5001,stars_242.5_77.5001.png
312.5,52.5001,stars_312.5_52.5001.png
257.5,-67.5001,stars_257.5_-67.5001.png
312.5,-72.5001,stars_312.5_-72.5001.png
252.5,-7.5001,stars_252.5_-7.5001.png
22.5,2.5001,stars_22.5_2.5001.png
137.5,-82.5001,stars_137.5_-82.5001.png
342.5,-87.5001,stars_342.5_-87.5001.png
102.5,72.5001,stars_102.5_72.5001.png
112.5,-22.5001,stars_112.5_-22.5001.png
207.5,-32.5001,stars_207.5_-32.5001.png
192.5,-72.5001,stars_192.5_-72.5001.png
182.5,-62.5001,stars_182.5_-62.5001.png
247.5,-7.5001,stars_247.5_-7.5001.png
97.5,-62.5001,stars_97.5_-62.5001.png
152.5,-57.5001,stars_152.5_-57.5001.png
332.5,-27.5001,stars_332.5_-27.5001.png
12.5,-2.5001,stars_12.5_-2.5001.png
17.5,32.5001,stars_17.5_32.5001.png
112.5,-2.5001,stars_112.5_-2.5001.png
332.5,12.5001,stars_332.5_12.5001.png
172.5,-42.5001,stars_172.5_-42.5001.png
47.5,-47.5001,stars_47.5_-47.5001.png
187.5,-47.5001,stars_187.5_-47.5001.png
302.5,-52.5001,stars_302.5_-52.5001.png
257.5,47.5001,stars_257.5_47.5001.png
297.5,67.5001,stars_297.5_67.5001.png
67.5,87.5001,stars_67.5_87.5001.png
237.5,87.5001,stars_237.5_87.5001.png
297.5,52.5001,stars_297.5_52.5001.png
32.5,-62.5001,stars_32.5_-62.5001.png
197.5,2.5001,stars_197.5_2.5001.png
247.5,-2.5001,stars_247.5_-2.5001.png
222.5,-72.5001,stars_222.5_-72.5001.png
62.5,82.5001,stars_62.5_82.5001.png
107.5,27.5001,stars_107.5_27.5001.png
232.5,37.5001,stars_232.5_37.5001.png
337.5,-62.5001,stars_337.5_-62.5001.png
332.5,-52.5001,stars_332.5_-52.5001.png
122.5,-37.5001,stars_122.5_-37.5001.png
292.5,-17.5001,stars_292.5_-17.5001.png
312.5,67.5001,stars_312.5_67.5001.png
22.5,-42.5001,stars_22.5_-42.5001.png
77.5,-47.5001,stars_77.5_-47.5001.png
177.5,7.5001,stars_177.5_7.5001.png
37.5,-77.5001,stars_37.5_-77.5001.png
2.5,27.5001,stars_2.5_27.5001.png
87.5,37.5001,stars_87.5_37.5001.png
102.5,77.5001,stars_102.5_77.5001.png
2.5,-42.5001,stars_2.5_-42.5001.png
312.5,-67.5001,stars_312.5_-67.5001.png
292.5,-47.5001,stars_292.5_-47.5001.png
42.5,-32.5001,stars_42.5_-32.5001.png
212.5,-82.5001,stars_212.5_-82.5001.png
42.5,-7.5001,stars_42.5_-7.5001.png
127.5,2.5001,stars_127.5_2.5001.png
307.5,-2.5001,stars_307.5_-2.5001.png
257.5,82.5001,stars_257.5_82.5001.png
347.5,-32.5001,stars_347.5_-32.5001.png
162.5,42.5001,stars_162.5_42.5001.png
87.5,-77.5001,stars_87.5_-77.5001.png
77.5,-22.5001,stars_77.5_-22.5001.png
37.5,-57.5001,stars_37.5_-57.5001.png
292.5,67.5001,stars_292.5_67.5001.png
27.5,-27.5001,stars_27.5_-27.5001.png
302.5,72.5001,stars_302.5_72.5001.png
182.5,17.5001,stars_182.5_17.5001.png
317.5,-37.5001,stars_317.5_-37.5001.png
62.5,62.5001,stars_62.5_62.5001.png
272.5,-62.5001,stars_272.5_-62.5001.png
322.5,37.5001,stars_322.5_37.5001.png
82.5,-2.5001,stars_82.5_-2.5001.png
27.5,17.5001,stars_27.5_17.5001.png
257.5,-72.5001,stars_257.5_-72.5001.png
242.5,-7.5001,stars_242.5_-7.5001.png
47.5,-2.5001,stars_47.5_-2.5001.png
342.5,-7.5001,stars_342.5_-7.5001.png
237.5,-67.5001,stars_237.5_-67.5001.png
302.5,32.5001,stars_302.5_32.5001.png
322.5,47.5001,stars_322.5_47.5001.png
247.5,22.5001,stars_247.5_22.5001.png
297.5,-87.5001,stars_297.5_-87.5001.png
302.5,-32.5001,stars_302.5_-32.5001.png
332.5,-82.5001,stars_332.5_-82.5001.png
12.5,-57.5001,stars_12.5_-57.5001.png
272.5,-77.5001,stars_272.5_-77.5001.png
97.5,-17.5001,stars_97.5_-17.5001.png
32.5,-22.5001,stars_32.5_-22.5001.png
292.5,-2.5001,stars_292.5_-2.5001.png
327.5,-57.5001,stars_327.5_-57.5001.png
207.5,-27.5001,stars_207.5_-27.5001.png
172.5,62.5001,stars_172.5_62.5001.png
142.5,-22.5001,stars_142.5_-22.5001.png
12.5,57.5001,stars_12.5_57.5001.png
92.5,-72.5001,stars_92.5_-72.5001.png
307.5,77.5001,stars_307.5_77.5001.png
157.5,-17.5001,stars_157.5_-17.5001.png
137.5,-47.5001,stars_137.5_-47.5001.png
27.5,-87.5001,stars_27.5_-87.5001.png
227.5,-72.5001,stars_227.5_-72.5001.png
142.5,-87.5001,stars_142.5_-87.5001.png
267.5,-12.5001,stars_267.5_-12.5001.png
77.5,47.5001,stars_77.5_47.5001.png
17.5,62.5001,stars_17.5_62.5001.png
297.5,-57.5001,stars_297.5_-57.5001.png
212.5,47.5001,stars_212.5_47.5001.png
62.5,-72.5001,stars_62.5_-72.5001.png
297.5,-42.5001,stars_297.5_-42.5001.png
282.5,-87.5001,stars_282.5_-87.5001.png
142.5,52.5001,stars_142.5_52.5001.png
112.5,-72.5001,stars_112.5_-72.5001.png
27.5,7.5001,stars_27.5_7.5001.png
12.5,-37.5001,stars_12.5_-37.5001.png
217.5,62.5001,stars_217.5_62.5001.png
252.5,67.5001,stars_252.5_67.5001.png
82.5,42.5001,stars_82.5_42.5001.png
152.5,62.5001,stars_152.5_62.5001.png
112.5,67.5001,stars_112.5_67.5001.png
42.5,57.5001,stars_42.5_57.5001.png
247.5,-17.5001,stars_247.5_-17.5001.png
17.5,22.5001,stars_17.5_22.5001.png
42.5,62.5001,stars_42.5_62.5001.png
342.5,-47.5001,stars_342.5_-47.5001.png
282.5,-42.5001,stars_282.5_-42.5001.png
147.5,62.5001,stars_147.5_62.5001.png
317.5,-22.5001,stars_317.5_-22.5001.png
187.5,57.5001,stars_187.5_57.5001.png
102.5,52.5001,stars_102.5_52.5001.png
327.5,47.5001,stars_327.5_47.5001.png
182.5,42.5001,stars_182.5_42.5001.png
37.5,-87.5001,stars_37.5_-87.5001.png
77.5,-72.5001,stars_77.5_-72.5001.png
332.5,42.5001,stars_332.5_42.5001.png
77.5,37.5001,stars_77.5_37.5001.png
192.5,-77.5001,stars_192.5_-77.5001.png
252.5,-12.5001,stars_252.5_-12.5001.png
17.5,-82.5001,stars_17.5_-82.5001.png
112.5,47.5001,stars_112.5_47.5001.png
102.5,-87.5001,stars_102.5_-87.5001.png
97.5,-67.5001,stars_97.5_-67.5001.png
117.5,-27.5001,stars_117.5_-27.5001.png
122.5,17.5001,stars_122.5_17.5001.png
312.5,17.5001,stars_312.5_17.5001.png
112.5,87.5001,stars_112.5_87.5001.png
147.5,32.5001,stars_147.5_32.5001.png
212.5,62.5001,stars_212.5_62.5001.png
7.5,47.5001,stars_7.5_47.5001.png
102.5,27.5001,stars_102.5_27.5001.png
82.5,52.5001,stars_82.5_52.5001.png
72.5,7.5001,stars_72.5_7.5001.png
157.5,-87.5001,stars_157.5_-87.5001.png
302.5,-27.5001,stars_302.5_-27.5001.png
332.5,87.5001,stars_332.5_87.5001.png
237.5,-7.5001,stars_237.5_-7.5001.png
327.5,37.5001,stars_327.5_37.5001.png
72.5,-17.5001,stars_72.5_-17.5001.png
307.5,62.5001,stars_307.5_62.5001.png
212.5,22.5001,stars_212.5_22.5001.png
17.5,57.5001,stars_17.5_57.5001.png
187.5,-77.5001,stars_187.5_-77.5001.png
157.5,-62.5001,stars_157.5_-62.5001.png
217.5,82.5001,stars_217.5_82.5001.png
47.5,-52.5001,stars_47.5_-52.5001.png
317.5,82.5001,stars_317.5_82.5001.png
17.5,-77.5001,stars_17.5_-77.5001.png
127.5,-32.5001,stars_127.5_-32.5001.png
87.5,42.5001,stars_87.5_42.5001.png
82.5,-17.5001,stars_82.5_-17.5001.png
162.5,82.5001,stars_162.5_82.5001.png
332.5,62.5001,stars_332.5_62.5001.png
177.5,22.5001,stars_177.5_22.5001.png
172.5,2.5001,stars_172.5_2.5001.png
202.5,-87.5001,stars_202.5_-87.5001.png
347.5,-42.5001,stars_347.5_-42.5001.png
342.5,57.5001,stars_342.5_57.5001.png
92.5,-2.5001,stars_92.5_-2.5001.png
352.5,27.5001,stars_352.5_27.5001.png
122.5,67.5001,stars_122.5_67.5001.png
97.5,82.5001,stars_97.5_82.5001.png
167.5,67.5001,stars_167.5_67.5001.png
272.5,-12.5001,stars_272.5_-12.5001.png
247.5,17.5001,stars_247.5_17.5001.png
257.5,-22.5001,stars_257.5_-22.5001.png
152.5,-17.5001,stars_152.5_-17.5001.png
152.5,-67.5001,stars_152.5_-67.5001.png
232.5,-22.5001,stars_232.5_-22.5001.png
297.5,27.5001,stars_297.5_27.5001.png
47.5,-17.5001,stars_47.5_-17.5001.png
137.5,-2.5001,stars_137.5_-2.5001.png
247.5,-82.5001,stars_247.5_-82.5001.png
147.5,-32.5001,stars_147.5_-32.5001.png
242.5,-37.5001,stars_242.5_-37.5001.png
2.5,7.5001,stars_2.5_7.5001.png
337.5,32.5001,stars_337.5_32.5001.png
82.5,47.5001,stars_82.5_47.5001.png
62.5,77.5001,stars_62.5_77.5001.png
277.5,-77.5001,stars_277.5_-77.5001.png
192.5,-7.5001,stars_192.5_-7.5001.png
337.5,42.5001,stars_337.5_42.5001.png
242.5,-52.5001,stars_242.5_-52.5001.png
332.5,-7.5001,stars_332.5_-7.5001.png
127.5,82.5001,stars_127.5_82.5001.png
252.5,-42.5001,stars_252.5_-42.5001.png
137.5,-62.5001,stars_137.5_-62.5001.png
347.5,-72.5001,stars_347.5_-72.5001.png
152.5,27.5001,stars_152.5_27.5001.png
107.5,-62.5001,stars_107.5_-62.5001.png
262.5,37.5001,stars_262.5_37.5001.png
197.5,-42.5001,stars_197.5_-42.5001.png
147.5,77.5001,stars_147.5_77.5001.png
32.5,72.5001,stars_32.5_72.5001.png
142.5,42.5001,stars_142.5_42.5001.png
197.5,72.5001,stars_197.5_72.5001.png
52.5,27.5001,stars_52.5_27.5001.png
112.5,32.5001,stars_112.5_32.5001.png
57.5,-57.5001,stars_57.5_-57.5001.png
87.5,87.5001,stars_87.5_87.5001.png
157.5,-7.5001,stars_157.5_-7.5001.png
197.5,-72.5001,stars_197.5_-72.5001.png
42.5,42.5001,stars_42.5_42.5001.png
292.5,-52.5001,stars_292.5_-52.5001.png
107.5,-72.5001,stars_107.5_-72.5001.png
222.5,-22.5001,stars_222.5_-22.5001.png
57.5,-72.5001,stars_57.5_-72.5001.png
182.5,82.5001,stars_182.5_82.5001.png
342.5,62.5001,stars_342.5_62.5001.png
97.5,67.5001,stars_97.5_67.5001.png
2.5,-77.5001,stars_2.5_-77.5001.png
102.5,-37.5001,stars_102.5_-37.5001.png
92.5,-57.5001,stars_92.5_-57.5001.png
167.5,-82.5001,stars_167.5_-82.5001.png
292.5,72.5001,stars_292.5_72.5001.png
327.5,-42.5001,stars_327.5_-42.5001.png
137.5,-17.5001,stars_137.5_-17.5001.png
67.5,-37.5001,stars_67.5_-37.5001.png
192.5,12.5001,stars_192.5_12.5001.png
122.5,77.5001,stars_122.5_77.5001.png
272.5,37.5001,stars_272.5_37.5001.png
187.5,82.5001,stars_187.5_82.5001.png
102.5,37.5001,stars_102.5_37.5001.png
357.5,67.5001,stars_357.5_67.5001.png
352.5,87.5001,stars_352.5_87.5001.png
192.5,42.5001,stars_192.5_42.5001.png
307.5,52.5001,stars_307.5_52.5001.png
52.5,-67.5001,stars_52.5_-67.5001.png
152.5,-72.5001,stars_152.5_-72.5001.png
22.5,7.5001,stars_22.5_7.5001.png
127.5,77.5001,stars_127.5_77.5001.png
352.5,82.5001,stars_352.5_82.5001.png
242.5,17.5001,stars_242.5_17.5001.png
232.5,47.5001,stars_232.5_47.5001.png
42.5,-2.5001,stars_42.5_-2.5001.png
12.5,17.5001,stars_12.5_17.5001.png
132.5,67.5001,stars_132.5_67.5001.png
32.5,52.5001,stars_32.5_52.5001.png
7.5,2.5001,stars_7.5_2.5001.png
7.5,-77.5001,stars_7.5_-77.5001.png
357.5,72.5001,stars_357.5_72.5001.png
102.5,-7.5001,stars_102.5_-7.5001.png
342.5,-2.5001,stars_342.5_-2.5001.png
112.5,22.5001,stars_112.5_22.5001.png
2.5,-17.5001,stars_2.5_-17.5001.png
37.5,47.5001,stars_37.5_47.5001.png
37.5,77.5001,stars_37.5_77.5001.png
337.5,12.5001,stars_337.5_12.5001.png
297.5,-12.5001,stars_297.5_-12.5001.png
292.5,82.5001,stars_292.5_82.5001.png
17.5,17.5001,stars_17.5_17.5001.png
47.5,42.5001,stars_47.5_42.5001.png
82.5,-37.5001,stars_82.5_-37.5001.png
67.5,7.5001,stars_67.5_7.5001.png
237.5,-87.5001,stars_237.5_-87.5001.png
102.5,47.5001,stars_102.5_47.5001.png
227.5,-42.5001,stars_227.5_-42.5001.png
342.5,37.5001,stars_342.5_37.5001.png
237.5,42.5001,stars_237.5_42.5001.png
12.5,47.5001,stars_12.5_47.5001.png
67.5,-7.5001,stars_67.5_-7.5001.png
152.5,37.5001,stars_152.5_37.5001.png
77.5,-52.5001,stars_77.5_-52.5001.png
107.5,67.5001,stars_107.5_67.5001.png
17.5,-27.5001,stars_17.5_-27.5001.png
212.5,82.5001,stars_212.5_82.5001.png
12.5,-77.5001,stars_12.5_-77.5001.png
322.5,67.5001,stars_322.5_67.5001.png
77.5,67.5001,stars_77.5_67.5001.png
162.5,2.5001,stars_162.5_2.5001.png
37.5,-17.5001,stars_37.5_-17.5001.png
347.5,72.5001,stars_347.5_72.5001.png
47.5,-7.5001,stars_47.5_-7.5001.png
97.5,12.5001,stars_97.5_12.5001.png
27.5,57.5001,stars_27.5_57.5001.png
137.5,-52.5001,stars_137.5_-52.5001.png
157.5,-42.5001,stars_157.5_-42.5001.png
292.5,-32.5001,stars_292.5_-32.5001.png
327.5,7.5001,stars_327.5_7.5001.png
17.5,82.5001,stars_17.5_82.5001.png
57.5,-32.5001,stars_57.5_-32.5001.png
132.5,42.5001,stars_132.5_42.5001.png
22.5,-82.5001,stars_22.5_-82.5001.png
37.5,22.5001,stars_37.5_22.5001.png
257.5,17.5001,stars_257.5_17.5001.png
87.5,-82.5001,stars_87.5_-82.5001.png
257.5,-37.5001,stars_257.5_-37.5001.png
302.5,-7.5001,stars_302.5_-7.5001.png
67.5,42.5001,stars_67.5_42.5001.png
287.5,-87.5001,stars_287.5_-87.5001.png
137.5,57.5001,stars_137.5_57.5001.png
252.5,77.5001,stars_252.5_77.5001.png
22.5,-47.5001,stars_22.5_-47.5001.png
327.5,-77.5001,stars_327.5_-77.5001.png
152.5,-7.5001,stars_152.5_-7.5001.png
127.5,62.5001,stars_127.5_62.5001.png
132.5,-2.5001,stars_132.5_-2.5001.png
207.5,87.5001,stars_207.5_87.5001.png
7.5,-47.5001,stars_7.5_-47.5001.png
112.5,-7.5001,stars_112.5_-7.5001.png
322.5,-17.5001,stars_322.5_-17.5001.png
72.5,57.5001,stars_72.5_57.5001.png
17.5,-57.5001,stars_17.5_-57.5001.png
182.5,-12.5001,stars_182.5_-12.5001.png
327.5,-67.5001,stars_327.5_-67.5001.png
357.5,-72.5001,stars_357.5_-72.5001.png
162.5,-47.5001,stars_162.5_-47.5001.png
27.5,67.5001,stars_27.5_67.5001.png
252.5,-37.5001,stars_252.5_-37.5001.png
327.5,87.5001,stars_327.5_87.5001.png
347.5,47.5001,stars_347.5_47.5001.png
117.5,-47.5001,stars_117.5_-47.5001.png
272.5,-17.5001,stars_272.5_-17.5001.png
192.5,-17.5001,stars_192.5_-17.5001.png
307.5,17.5001,stars_307.5_17.5001.png
72.5,-7.5001,stars_72.5_-7.5001.png
152.5,47.5001,stars_152.5_47.5001.png
257.5,52.5001,stars_257.5_52.5001.png
132.5,17.5001,stars_132.5_17.5001.png
127.5,12.5001,stars_127.5_12.5001.png
187.5,-52.5001,stars_187.5_-52.5001.png
287.5,47.5001,stars_287.5_47.5001.png
72.5,2.5001,stars_72.5_2.5001.png
222.5,-2.5001,stars_222.5_-2.5001.png
222.5,-27.5001,stars_222.5_-27.5001.png
302.5,-12.5001,stars_302.5_-12.5001.png
57.5,7.5001,stars_57.5_7.5001.png
197.5,42.5001,stars_197.5_42.5001.png
102.5,-67.5001,stars_102.5_-67.5001.png
92.5,12.5001,stars_92.5_12.5001.png
82.5,-12.5001,stars_82.5_-12.5001.png
197.5,52.5001,stars_197.5_52.5001.png
7.5,-17.5001,stars_7.5_-17.5001.png
12.5,-52.5001,stars_12.5_-52.5001.png
17.5,77.5001,stars_17.5_77.5001.png
102.5,-62.5001,stars_102.5_-62.5001.png
42.5,-52.5001,stars_42.5_-52.5001.png
172.5,87.5001,stars_172.5_87.5001.png
42.5,47.5001,stars_42.5_47.5001.png
172.5,27.5001,stars_172.5_27.5001.png
277.5,-32.5001,stars_277.5_-32.5001.png
227.5,-87.5001,stars_227.5_-87.5001.png
97.5,-22.5001,stars_97.5_-22.5001.png
102.5,-52.5001,stars_102.5_-52.5001.png
62.5,-77.5001,stars_62.5_-77.5001.png
217.5,-52.5001,stars_217.5_-52.5001.png
172.5,77.5001,stars_172.5_77.5001.png
67.5,-17.5001,stars_67.5_-17.5001.png
182.5,-52.5001,stars_182.5_-52.5001.png
7.5,62.5001,stars_7.5_62.5001.png
242.5,-72.5001,stars_242.5_-72.5001.png
322.5,-42.5001,stars_322.5_-42.5001.png
177.5,-37.5001,stars_177.5_-37.5001.png
122.5,-42.5001,stars_122.5_-42.5001.png
202.5,17.5001,stars_202.5_17.5001.png
142.5,37.5001,stars_142.5_37.5001.png
177.5,57.5001,stars_177.5_57.5001.png
227.5,-82.5001,stars_227.5_-82.5001.png
162.5,-37.5001,stars_162.5_-37.5001.png
72.5,37.5001,stars_72.5_37.5001.png
302.5,17.5001,stars_302.5_17.5001.png
192.5,7.5001,stars_192.5_7.5001.png
197.5,-62.5001,stars_197.5_-62.5001.png
187.5,-72.5001,stars_187.5_-72.5001.png
202.5,-52.5001,stars_202.5_-52.5001.png
347.5,-27.5001,stars_347.5_-27.5001.png
257.5,42.5001,stars_257.5_42.5001.png
207.5,-2.5001,stars_207.5_-2.5001.png
307.5,27.5001,stars_307.5_27.5001.png
167.5,-87.5001,stars_167.5_-87.5001.png
77.5,-37.5001,stars_77.5_-37.5001.png
107.5,-77.5001,stars_107.5_-77.5001.png
167.5,32.5001,stars_167.5_32.5001.png
7.5,-57.5001,stars_7.5_-57.5001.png
57.5,77.5001,stars_57.5_77.5001.png
87.5,27.5001,stars_87.5_27.5001.png
32.5,-42.5001,stars_32.5_-42.5001.png
252.5,37.5001,stars_252.5_37.5001.png
347.5,7.5001,stars_347.5_7.5001.png
192.5,-12.5001,stars_192.5_-12.5001.png
232.5,67.5001,stars_232.5_67.5001.png
37.5,27.5001,stars_37.5_27.5001.png
247.5,62.5001,stars_247.5_62.5001.png
87.5,22.5001,stars_87.5_22.5001.png
207.5,12.5001,stars_207.5_12.5001.png
197.5,-67.5001,stars_197.5_-67.5001.png
152.5,82.5001,stars_152.5_82.5001.png
102.5,7.5001,stars_102.5_7.5001.png
272.5,52.5001,stars_272.5_52.5001.png
62.5,72.5001,stars_62.5_72.5001.png
107.5,-2.5001,stars_107.5_-2.5001.png
317.5,-47.5001,stars_317.5_-47.5001.png
132.5,27.5001,stars_132.5_27.5001.png
27.5,-2.5001,stars_27.5_-2.5001.png
182.5,52.5001,stars_182.5_52.5001.png
232.5,62.5001,stars_232.5_62.5001.png
137.5,-12.5001,stars_137.5_-12.5001.png
217.5,47.5001,stars_217.5_47.5001.png
357.5,-12.5001,stars_357.5_-12.5001.png
37.5,57.5001,stars_37.5_57.5001.png
117.5,-22.5001,stars_117.5_-22.5001.png
282.5,-82.5001,stars_282.5_-82.5001.png
202.5,-7.5001,stars_202.5_-7.5001.png
32.5,-77.5001,stars_32.5_-77.5001.png
187.5,-32.5001,stars_187.5_-32.5001.png
267.5,42.5001,stars_267.5_42.5001.png
92.5,-22.5001,stars_92.5_-22.5001.png
287.5,77.5001,stars_287.5_77.5001.png
217.5,-47.5001,stars_217.5_-47.5001.png
127.5,-17.5001,stars_127.5_-17.5001.png
192.5,17.5001,stars_192.5_17.5001.png
137.5,52.5001,stars_137.5_52.5001.png
347.5,17.5001,stars_347.5_17.5001.png
192.5,72.5001,stars_192.5_72.5001.png
277.5,-42.5001,stars_277.5_-42.5001.png
352.5,72.5001,stars_352.5_72.5001.png
342.5,52.5001,stars_342.5_52.5001.png
197.5,-87.5001,stars_197.5_-87.5001.png
317.5,72.5001,stars_317.5_72.5001.png
2.5,-47.5001,stars_2.5_-47.5001.png
252.5,-62.5001,stars_252.5_-62.5001.png
327.5,72.5001,stars_327.5_72.5001.png
312.5,-87.5001,stars_312.5_-87.5001.png
292.5,12.5001,stars_292.5_12.5001.png
322.5,12.5001,stars_322.5_12.5001.png
327.5,27.5001,stars_327.5_27.5001.png
177.5,-2.5001,stars_177.5_-2.5001.png
22.5,72.5001,stars_22.5_72.5001.png
317.5,-82.5001,stars_317.5_-82.5001.png
272.5,7.5001,stars_272.5_7.5001.png
342.5,27.5001,stars_342.5_27.5001.png
82.5,72.5001,stars_82.5_72.5001.png
7.5,27.5001,stars_7.5_27.5001.png
47.5,-62.5001,stars_47.5_-62.5001.png
222.5,-52.5001,stars_222.5_-52.5001.png
52.5,82.5001,stars_52.5_82.5001.png
337.5,62.5001,stars_337.5_62.5001.png
282.5,62.5001,stars_282.5_62.5001.png
167.5,42.5001,stars_167.5_42.5001.png
37.5,-52.5001,stars_37.5_-52.5001.png
317.5,7.5001,stars_317.5_7.5001.png
192.5,-22.5001,stars_192.5_-22.5001.png
222.5,22.5001,stars_222.5_22.5001.png
2.5,-62.5001,stars_2.5_-62.5001.png
252.5,-77.5001,stars_252.5_-77.5001.png
122.5,37.5001,stars_122.5_37.5001.png
187.5,37.5001,stars_187.5_37.5001.png
192.5,-82.5001,stars_192.5_-82.5001.png
277.5,72.5001,stars_277.5_72.5001.png
47.5,82.5001,stars_47.5_82.5001.png
107.5,32.5001,stars_107.5_32.5001.png
127.5,-12.5001,stars_127.5_-12.5001.png
337.5,72.5001,stars_337.5_72.5001.png
197.5,-2.5001,stars_197.5_-2.5001.png
57.5,-37.5001,stars_57.5_-37.5001.png
232.5,-2.5001,stars_232.5_-2.5001.png
322.5,-2.5001,stars_322.5_-2.5001.png
22.5,-52.5001,stars_22.5_-52.5001.png
257.5,-62.5001,stars_257.5_-62.5001.png
147.5,-22.5001,stars_147.5_-22.5001.png
22.5,62.5001,stars_22.5_62.5001.png
92.5,7.5001,stars_92.5_7.5001.png
327.5,-17.5001,stars_327.5_-17.5001.png
287.5,37.5001,stars_287.5_37.5001.png
347.5,-17.5001,stars_347.5_-17.5001.png
222.5,77.5001,stars_222.5_77.5001.png
242.5,57.5001,stars_242.5_57.5001.png
232.5,7.5001,stars_232.5_7.5001.png
267.5,37.5001,stars_267.5_37.5001.png
72.5,-12.5001,stars_72.5_-12.5001.png
222.5,17.5001,stars_222.5_17.5001.png
72.5,67.5001,stars_72.5_67.5001.png
342.5,12.5001,stars_342.5_12.5001.png
207.5,17.5001,stars_207.5_17.5001.png
327.5,-7.5001,stars_327.5_-7.5001.png
232.5,-77.5001,stars_232.5_-77.5001.png
307.5,22.5001,stars_307.5_22.5001.png
92.5,32.5001,stars_92.5_32.5001.png
177.5,-77.5001,stars_177.5_-77.5001.png
52.5,-22.5001,stars_52.5_-22.5001.png
52.5,-7.5001,stars_52.5_-7.5001.png
327.5,22.5001,stars_327.5_22.5001.png
167.5,-72.5001,stars_167.5_-72.5001.png
22.5,47.5001,stars_22.5_47.5001.png
192.5,22.5001,stars_192.5_22.5001.png
127.5,72.5001,stars_127.5_72.5001.png
357.5,-17.5001,stars_357.5_-17.5001.png
252.5,-67.5001,stars_252.5_-67.5001.png
207.5,-47.5001,stars_207.5_-47.5001.png
242.5,47.5001,stars_242.5_47.5001.png
17.5,-12.5001,stars_17.5_-12.5001.png
307.5,-47.5001,stars_307.5_-47.5001.png
237.5,62.5001,stars_237.5_62.5001.png
227.5,42.5001,stars_227.5_42.5001.png
167.5,52.5001,stars_167.5_52.5001.png
292.5,47.5001,stars_292.5_47.5001.png
232.5,-67.5001,stars_232.5_-67.5001.png
62.5,-17.5001,stars_62.5_-17.5001.png
97.5,17.5001,stars_97.5_17.5001.png
262.5,-57.5001,stars_262.5_-57.5001.png
77.5,-12.5001,stars_77.5_-12.5001.png
327.5,77.5001,stars_327.5_77.5001.png
332.5,17.5001,stars_332.5_17.5001.png
307.5,-77.5001,stars_307.5_-77.5001.png
52.5,-62.5001,stars_52.5_-62.5001.png
352.5,77.5001,stars_352.5_77.5001.png
162.5,27.5001,stars_162.5_27.5001.png
162.5,-62.5001,stars_162.5_-62.5001.png
102.5,-27.5001,stars_102.5_-27.5001.png
202.5,22.5001,stars_202.5_22.5001.png
87.5,47.5001,stars_87.5_47.5001.png
57.5,22.5001,stars_57.5_22.5001.png
192.5,87.5001,stars_192.5_87.5001.png
132.5,-67.5001,stars_132.5_-67.5001.png
172.5,42.5001,stars_172.5_42.5001.png
197.5,-17.5001,stars_197.5_-17.5001.png
322.5,52.5001,stars_322.5_52.5001.png
187.5,32.5001,stars_187.5_32.5001.png
287.5,17.5001,stars_287.5_17.5001.png
192.5,37.5001,stars_192.5_37.5001.png
132.5,-17.5001,stars_132.5_-17.5001.png
2.5,-82.5001,stars_2.5_-82.5001.png
302.5,-87.5001,stars_302.5_-87.5001.png
262.5,-67.5001,stars_262.5_-67.5001.png
327.5,2.5001,stars_327.5_2.5001.png
132.5,-52.5001,stars_132.5_-52.5001.png
97.5,-37.5001,stars_97.5_-37.5001.png
72.5,-87.5001,stars_72.5_-87.5001.png
22.5,-12.5001,stars_22.5_-12.5001.png
172.5,-32.5001,stars_172.5_-32.5001.png
122.5,27.5001,stars_122.5_27.5001.png
322.5,72.5001,stars_322.5_72.5001.png
147.5,-17.5001,stars_147.5_-17.5001.png
347.5,-2.5001,stars_347.5_-2.5001.png
347.5,82.5001,stars_347.5_82.5001.png
12.5,-87.5001,stars_12.5_-87.5001.png
327.5,-12.5001,stars_327.5_-12.5001.png
67.5,-62.5001,stars_67.5_-62.5001.png
187.5,12.5001,stars_187.5_12.5001.png
342.5,-27.5001,stars_342.5_-27.5001.png
147.5,-42.5001,stars_147.5_-42.5001.png
227.5,27.5001,stars_227.5_27.5001.png
2.5,-87.5001,stars_2.5_-87.5001.png
272.5,42.5001,stars_272.5_42.5001.png
312.5,82.5001,stars_312.5_82.5001.png
57.5,-47.5001,stars_57.5_-47.5001.png
297.5,72.5001,stars_297.5_72.5001.png
62.5,-27.5001,stars_62.5_-27.5001.png
327.5,57.5001,stars_327.5_57.5001.png
192.5,-87.5001,stars_192.5_-87.5001.png
272.5,-47.5001,stars_272.5_-47.5001.png
77.5,-82.5001,stars_77.5_-82.5001.png
227.5,-7.5001,stars_227.5_-7.5001.png
122.5,82.5001,stars_122.5_82.5001.png
52.5,17.5001,stars_52.5_17.5001.png
357.5,37.5001,stars_357.5_37.5001.png
187.5,87.5001,stars_187.5_87.5001.png
142.5,47.5001,stars_142.5_47.5001.png
22.5,-57.5001,stars_22.5_-57.5001.png
147.5,-52.5001,stars_147.5_-52.5001.png
197.5,57.5001,stars_197.5_57.5001.png
92.5,52.5001,stars_92.5_52.5001.png
7.5,67.5001,stars_7.5_67.5001.png
142.5,17.5001,stars_142.5_17.5001.png
162.5,62.5001,stars_162.5_62.5001.png
357.5,62.5001,stars_357.5_62.5001.png
227.5,-2.5001,stars_227.5_-2.5001.png
237.5,77.5001,stars_237.5_77.5001.png
247.5,-72.5001,stars_247.5_-72.5001.png
137.5,72.5001,stars_137.5_72.5001.png
292.5,37.5001,stars_292.5_37.5001.png
127.5,-27.5001,stars_127.5_-27.5001.png
197.5,-57.5001,stars_197.5_-57.5001.png
117.5,7.5001,stars_117.5_7.5001.png
257.5,37.5001,stars_257.5_37.5001.png
42.5,-17.5001,stars_42.5_-17.5001.png
262.5,12.5001,stars_262.5_12.5001.png
242.5,-87.5001,stars_242.5_-87.5001.png
352.5,-67.5001,stars_352.5_-67.5001.png
317.5,-42.5001,stars_317.5_-42.5001.png
52.5,37.5001,stars_52.5_37.5001.png
47.5,7.5001,stars_47.5_7.5001.png
82.5,37.5001,stars_82.5_37.5001.png
172.5,-37.5001,stars_172.5_-37.5001.png
252.5,-82.5001,stars_252.5_-82.5001.png
267.5,72.5001,stars_267.5_72.5001.png
42.5,-42.5001,stars_42.5_-42.5001.png
322.5,17.5001,stars_322.5_17.5001.png
352.5,57.5001,stars_352.5_57.5001.png
52.5,-52.5001,stars_52.5_-52.5001.png
162.5,-32.5001,stars_162.5_-32.5001.png
352.5,2.5001,stars_352.5_2.5001.png
267.5,82.5001,stars_267.5_82.5001.png
272.5,27.5001,stars_272.5_27.5001.png
227.5,-67.5001,stars_227.5_-67.5001.png
12.5,52.5001,stars_12.5_52.5001.png
2.5,12.5001,stars_2.5_12.5001.png
332.5,82.5001,stars_332.5_82.5001.png
277.5,-17.5001,stars_277.5_-17.5001.png
167.5,7.5001,stars_167.5_7.5001.png
297.5,37.5001,stars_297.5_37.5001.png
242.5,2.5001,stars_242.5_2.5001.png
277.5,-12.5001,stars_277.5_-12.5001.png
357.5,-77.5001,stars_357.5_-77.5001.png
32.5,-87.5001,stars_32.5_-87.5001.png
172.5,32.5001,stars_172.5_32.5001.png
172.5,-72.5001,stars_172.5_-72.5001.png
37.5,-67.5001,stars_37.5_-67.5001.png
132.5,-87.5001,stars_132.5_-87.5001.png
267.5,57.5001,stars_267.5_57.5001.png
282.5,-77.5001,stars_282.5_-77.5001.png
297.5,-52.5001,stars_297.5_-52.5001.png
2.5,42.5001,stars_2.5_42.5001.png
177.5,47.5001,stars_177.5_47.5001.png
327.5,-2.5001,stars_327.5_-2.5001.png
197.5,12.5001,stars_197.5_12.5001.png
297.5,62.5001,stars_297.5_62.5001.png
157.5,-47.5001,stars_157.5_-47.5001.png
332.5,-32.5001,stars_332.5_-32.5001.png
27.5,-67.5001,stars_27.5_-67.5001.png
7.5,82.5001,stars_7.5_82.5001.png
177.5,52.5001,stars_177.5_52.5001.png
142.5,2.5001,stars_142.5_2.5001.png
297.5,-22.5001,stars_297.5_-22.5001.png
2.5,-72.5001,stars_2.5_-72.5001.png
352.5,-77.5001,stars_352.5_-77.5001.png
92.5,42.5001,stars_92.5_42.5001.png
282.5,77.5001,stars_282.5_77.5001.png
242.5,-82.5001,stars_242.5_-82.5001.png
117.5,-2.5001,stars_117.5_-2.5001.png
322.5,87.5001,stars_322.5_87.5001.png
237.5,82.5001,stars_237.5_82.5001.png
137.5,82.5001,stars_137.5_82.5001.png
347.5,-37.5001,stars_347.5_-37.5001.png
157.5,82.5001,stars_157.5_82.5001.png
297.5,-27.5001,stars_297.5_-27.5001.png
17.5,-37.5001,stars_17.5_-37.5001.png
32.5,-57.5001,stars_32.5_-57.5001.png
227.5,67.5001,stars_227.5_67.5001.png
292.5,62.5001,stars_292.5_62.5001.png
187.5,-42.5001,stars_187.5_-42.5001.png
127.5,57.5001,stars_127.5_57.5001.png
227.5,-47.5001,stars_227.5_-47.5001.png
37.5,32.5001,stars_37.5_32.5001.png
247.5,27.5001,stars_247.5_27.5001.png
267.5,-62.5001,stars_267.5_-62.5001.png
302.5,12.5001,stars_302.5_12.5001.png
292.5,-22.5001,stars_292.5_-22.5001.png
22.5,87.5001,stars_22.5_87.5001.png
222.5,42.5001,stars_222.5_42.5001.png
322.5,77.5001,stars_322.5_77.5001.png
287.5,-52.5001,stars_287.5_-52.5001.png
222.5,32.5001,stars_222.5_32.5001.png
287.5,72.5001,stars_287.5_72.5001.png
257.5,77.5001,stars_257.5_77.5001.png
267.5,22.5001,stars_267.5_22.5001.png
332.5,57.5001,stars_332.5_57.5001.png
272.5,67.5001,stars_272.5_67.5001.png
12.5,-27.5001,stars_12.5_-27.5001.png
212.5,32.5001,stars_212.5_32.5001.png
57.5,87.5001,stars_57.5_87.5001.png
62.5,-47.5001,stars_62.5_-47.5001.png
252.5,-52.5001,stars_252.5_-52.5001.png
112.5,2.5001,stars_112.5_2.5001.png
142.5,-32.5001,stars_142.5_-32.5001.png
297.5,7.5001,stars_297.5_7.5001.png
142.5,-72.5001,stars_142.5_-72.5001.png
137.5,-67.5001,stars_137.5_-67.5001.png
62.5,-87.5001,stars_62.5_-87.5001.png
37.5,52.5001,stars_37.5_52.5001.png
7.5,-67.5001,stars_7.5_-67.5001.png
122.5,52.5001,stars_122.5_52.5001.png
217.5,-67.5001,stars_217.5_-67.5001.png
332.5,-42.5001,stars_332.5_-42.5001.png
172.5,37.5001,stars_172.5_37.5001.png
12.5,12.5001,stars_12.5_12.5001.png
137.5,-22.5001,stars_137.5_-22.5001.png
252.5,-17.5001,stars_252.5_-17.5001.png
192.5,-62.5001,stars_192.5_-62.5001.png
282.5,52.5001,stars_282.5_52.5001.png
282.5,-7.5001,stars_282.5_-7.5001.png
282.5,7.5001,stars_282.5_7.5001.png
62.5,42.5001,stars_62.5_42.5001.png
287.5,67.5001,stars_287.5_67.5001.png
347.5,22.5001,stars_347.5_22.5001.png
202.5,72.5001,stars_202.5_72.5001.png
257.5,22.5001,stars_257.5_22.5001.png
102.5,2.5001,stars_102.5_2.5001.png
237.5,2.5001,stars_237.5_2.5001.png
222.5,-57.5001,stars_222.5_-57.5001.png
37.5,-32.5001,stars_37.5_-32.5001.png
317.5,-27.5001,stars_317.5_-27.5001.png
52.5,2.5001,stars_52.5_2.5001.png
127.5,27.5001,stars_127.5_27.5001.png
242.5,-22.5001,stars_242.5_-22.5001.png
277.5,47.5001,stars_277.5_47.5001.png
52.5,-57.5001,stars_52.5_-57.5001.png
252.5,57.5001,stars_252.5_57.5001.png
37.5,17.5001,stars_37.5_17.5001.png
97.5,-57.5001,stars_97.5_-57.5001.png
352.5,-27.5001,stars_352.5_-27.5001.png
2.5,-7.5001,stars_2.5_-7.5001.png
42.5,-62.5001,stars_42.5_-62.5001.png
142.5,32.5001,stars_142.5_32.5001.png
222.5,27.5001,stars_222.5_27.5001.png
102.5,-32.5001,stars_102.5_-32.5001.png
97.5,-82.5001,stars_97.5_-82.5001.png
337.5,2.5001,stars_337.5_2.5001.png
327.5,-47.5001,stars_327.5_-47.5001.png
152.5,52.5001,stars_152.5_52.5001.png
102.5,-82.5001,stars_102.5_-82.5001.png
7.5,12.5001,stars_7.5_12.5001.png
217.5,-57.5001,stars_217.5_-57.5001.png
107.5,-37.5001,stars_107.5_-37.5001.png
37.5,-42.5001,stars_37.5_-42.5001.png
287.5,-67.5001,stars_287.5_-67.5001.png
232.5,-62.5001,stars_232.5_-62.5001.png
77.5,-62.5001,stars_77.5_-62.5001.png
267.5,-17.5001,stars_267.5_-17.5001.png
237.5,-27.5001,stars_237.5_-27.5001.png
22.5,-87.5001,stars_22.5_-87.5001.png
332.5,77.5001,stars_332.5_77.5001.png
147.5,12.5001,stars_147.5_12.5001.png
277.5,-37.5001,stars_277.5_-37.5001.png
162.5,-72.5001,stars_162.5_-72.5001.png
137.5,42.5001,stars_137.5_42.5001.png
277.5,22.5001,stars_277.5_22.5001.png
142.5,-67.5001,stars_142.5_-67.5001.png
17.5,37.5001,stars_17.5_37.5001.png
307.5,2.5001,stars_307.5_2.5001.png
202.5,-32.5001,stars_202.5_-32.5001.png
177.5,12.5001,stars_177.5_12.5001.png
272.5,-7.5001,stars_272.5_-7.5001.png
237.5,-2.5001,stars_237.5_-2.5001.png
57.5,-82.5001,stars_57.5_-82.5001.png
52.5,-32.5001,stars_52.5_-32.5001.png
172.5,-27.5001,stars_172.5_-27.5001.png
217.5,77.5001,stars_217.5_77.5001.png
227.5,62.5001,stars_227.5_62.5001.png
312.5,72.5001,stars_312.5_72.5001.png
202.5,32.5001,stars_202.5_32.5001.png
192.5,52.5001,stars_192.5_52.5001.png
62.5,22.5001,stars_62.5_22.5001.png
302.5,-37.5001,stars_302.5_-37.5001.png
352.5,42.5001,stars_352.5_42.5001.png
357.5,-7.5001,stars_357.5_-7.5001.png
322.5,-62.5001,stars_322.5_-62.5001.png
102.5,-42.5001,stars_102.5_-42.5001.png
267.5,47.5001,stars_267.5_47.5001.png
222.5,-12.5001,stars_222.5_-12.5001.png
122.5,72.5001,stars_122.5_72.5001.png
107.5,87.5001,stars_107.5_87.5001.png
127.5,32.5001,stars_127.5_32.5001.png
212.5,-27.5001,stars_212.5_-27.5001.png
292.5,-77.5001,stars_292.5_-77.5001.png
312.5,87.5001,stars_312.5_87.5001.png
312.5,-57.5001,stars_312.5_-57.5001.png
322.5,57.5001,stars_322.5_57.5001.png
147.5,-2.5001,stars_147.5_-2.5001.png
107.5,62.5001,stars_107.5_62.5001.png
197.5,7.5001,stars_197.5_7.5001.png
167.5,-37.5001,stars_167.5_-37.5001.png
117.5,47.5001,stars_117.5_47.5001.png
307.5,-22.5001,stars_307.5_-22.5001.png
2.5,72.5001,stars_2.5_72.5001.png
67.5,-57.5001,stars_67.5_-57.5001.png
347.5,-87.5001,stars_347.5_-87.5001.png
177.5,62.5001,stars_177.5_62.5001.png
32.5,-7.5001,stars_32.5_-7.5001.png
167.5,-52.5001,stars_167.5_-52.5001.png
142.5,-2.5001,stars_142.5_-2.5001.png
217.5,27.5001,stars_217.5_27.5001.png
22.5,-62.5001,stars_22.5_-62.5001.png
57.5,2.5001,stars_57.5_2.5001.png
127.5,-37.5001,stars_127.5_-37.5001.png
257.5,62.5001,stars_257.5_62.5001.png
342.5,17.5001,stars_342.5_17.5001.png
222.5,-47.5001,stars_222.5_-47.5001.png
67.5,-22.5001,stars_67.5_-22.5001.png
317.5,12.5001,stars_317.5_12.5001.png
307.5,-57.5001,stars_307.5_-57.5001.png
87.5,-2.5001,stars_87.5_-2.5001.png
347.5,-52.5001,stars_347.5_-52.5001.png
32.5,-17.5001,stars_32.5_-17.5001.png
157.5,52.5001,stars_157.5_52.5001.png
72.5,-72.5001,stars_72.5_-72.5001.png
12.5,37.5001,stars_12.5_37.5001.png
142.5,77.5001,stars_142.5_77.5001.png
27.5,-57.5001,stars_27.5_-57.5001.png
137.5,2.5001,stars_137.5_2.5001.png
87.5,-32.5001,stars_87.5_-32.5001.png
27.5,77.5001,stars_27.5_77.5001.png
282.5,-72.5001,stars_282.5_-72.5001.png
277.5,32.5001,stars_277.5_32.5001.png
72.5,87.5001,stars_72.5_87.5001.png
272.5,2.5001,stars_272.5_2.5001.png
282.5,-22.5001,stars_282.5_-22.5001.png
207.5,-17.5001,stars_207.5_-17.5001.png
117.5,-87.5001,stars_117.5_-87.5001.png
122.5,-2.5001,stars_122.5_-2.5001.png
222.5,-62.5001,stars_222.5_-62.5001.png
17.5,-32.5001,stars_17.5_-32.5001.png
322.5,-72.5001,stars_322.5_-72.5001.png
267.5,52.5001,stars_267.5_52.5001.png
277.5,2.5001,stars_277.5_2.5001.png
342.5,77.5001,stars_342.5_77.5001.png
37.5,-22.5001,stars_37.5_-22.5001.png
227.5,17.5001,stars_227.5_17.5001.png
57.5,-52.5001,stars_57.5_-52.5001.png
232.5,-27.5001,stars_232.5_-27.5001.png
267.5,67.5001,stars_267.5_67.5001.png
292.5,32.5001,stars_292.5_32.5001.png
57.5,57.5001,stars_57.5_57.5001.png
72.5,62.5001,stars_72.5_62.5001.png
177.5,-72.5001,stars_177.5_-72.5001.png
287.5,-72.5001,stars_287.5_-72.5001.png
162.5,37.5001,stars_162.5_37.5001.png
92.5,-12.5001,stars_92.5_-12.5001.png
7.5,77.5001,stars_7.5_77.5001.png
282.5,67.5001,stars_282.5_67.5001.png
307.5,-67.5001,stars_307.5_-67.5001.png
307.5,67.5001,stars_307.5_67.5001.png
32.5,22.5001,stars_32.5_22.5001.png
17.5,-17.5001,stars_17.5_-17.5001.png
247.5,-67.5001,stars_247.5_-67.5001.png
92.5,-47.5001,stars_92.5_-47.5001.png
212.5,77.5001,stars_212.5_77.5001.png
197.5,-32.5001,stars_197.5_-32.5001.png
112.5,72.5001,stars_112.5_72.5001.png
317.5,77.5001,stars_317.5_77.5001.png
352.5,-82.5001,stars_352.5_-82.5001.png
142.5,-52.5001,stars_142.5_-52.5001.png
342.5,87.5001,stars_342.5_87.5001.png
212.5,-57.5001,stars_212.5_-57.5001.png
267.5,77.5001,stars_267.5_77.5001.png
77.5,32.5001,stars_77.5_32.5001.png
287.5,52.5001,stars_287.5_52.5001.png
22.5,-37.5001,stars_22.5_-37.5001.png
327.5,-87.5001,stars_327.5_-87.5001.png
112.5,-87.5001,stars_112.5_-87.5001.png
182.5,32.5001,stars_182.5_32.5001.png
287.5,-47.5001,stars_287.5_-47.5001.png
87.5,72.5001,stars_87.5_72.5001.png
127.5,-72.5001,stars_127.5_-72.5001.png
217.5,37.5001,stars_217.5_37.5001.png
267.5,-57.5001,stars_267.5_-57.5001.png
282.5,-2.5001,stars_282.5_-2.5001.png
87.5,32.5001,stars_87.5_32.5001.png
292.5,-87.5001,stars_292.5_-87.5001.png
337.5,-7.5001,stars_337.5_-7.5001.png
172.5,47.5001,stars_172.5_47.5001.png
282.5,27.5001,stars_282.5_27.5001.png
162.5,72.5001,stars_162.5_72.5001.png
317.5,-52.5001,stars_317.5_-52.5001.png
302.5,-82.5001,stars_302.5_-82.5001.png
277.5,27.5001,stars_277.5_27.5001.png
67.5,77.5001,stars_67.5_77.5001.png
257.5,67.5001,stars_257.5_67.5001.png
187.5,47.5001,stars_187.5_47.5001.png
237.5,-77.5001,stars_237.5_-77.5001.png
67.5,-42.5001,stars_67.5_-42.5001.png
352.5,17.5001,stars_352.5_17.5001.png
92.5,-37.5001,stars_92.5_-37.5001.png
197.5,-37.5001,stars_197.5_-37.5001.png
297.5,57.5001,stars_297.5_57.5001.png
237.5,-62.5001,stars_237.5_-62.5001.png
192.5,-37.5001,stars_192.5_-37.5001.png
37.5,-7.5001,stars_37.5_-7.5001.png
212.5,57.5001,stars_212.5_57.5001.png
62.5,-57.5001,stars_62.5_-57.5001.png
232.5,27.5001,stars_232.5_27.5001.png
97.5,7.5001,stars_97.5_7.5001.png
177.5,87.5001,stars_177.5_87.5001.png
182.5,-17.5001,stars_182.5_-17.5001.png
122.5,-72.5001,stars_122.5_-72.5001.png
237.5,-72.5001,stars_237.5_-72.5001.png
32.5,62.5001,stars_32.5_62.5001.png
332.5,7.5001,stars_332.5_7.5001.png
257.5,-7.5001,stars_257.5_-7.5001.png
87.5,12.5001,stars_87.5_12.5001.png
337.5,-22.5001,stars_337.5_-22.5001.png
72.5,-52.5001,stars_72.5_-52.5001.png
22.5,-27.5001,stars_22.5_-27.5001.png
257.5,-17.5001,stars_257.5_-17.5001.png
307.5,72.5001,stars_307.5_72.5001.png
172.5,-52.5001,stars_172.5_-52.5001.png
152.5,7.5001,stars_152.5_7.5001.png
82.5,82.5001,stars_82.5_82.5001.png
197.5,47.5001,stars_197.5_47.5001.png
307.5,-72.5001,stars_307.5_-72.5001.png
282.5,72.5001,stars_282.5_72.5001.png
212.5,-2.5001,stars_212.5_-2.5001.png
322.5,-67.5001,stars_322.5_-67.5001.png
62.5,-82.5001,stars_62.5_-82.5001.png
227.5,72.5001,stars_227.5_72.5001.png
292.5,-42.5001,stars_292.5_-42.5001.png
292.5,57.5001,stars_292.5_57.5001.png
227.5,32.5001,stars_227.5_32.5001.png
82.5,-72.5001,stars_82.5_-72.5001.png
112.5,-67.5001,stars_112.5_-67.5001.png
247.5,32.5001,stars_247.5_32.5001.png
167.5,2.5001,stars_167.5_2.5001.png
27.5,37.5001,stars_27.5_37.5001.png
327.5,-62.5001,stars_327.5_-62.5001.png
322.5,62.5001,stars_322.5_62.5001.png
27.5,27.5001,stars_27.5_27.5001.png
132.5,62.5001,stars_132.5_62.5001.png
52.5,7.5001,stars_52.5_7.5001.png
177.5,-82.5001,stars_177.5_-82.5001.png
77.5,12.5001,stars_77.5_12.5001.png
132.5,77.5001,stars_132.5_77.5001.png
272.5,22.5001,stars_272.5_22.5001.png
12.5,-22.5001,stars_12.5_-22.5001.png
292.5,-62.5001,stars_292.5_-62.5001.png
307.5,82.5001,stars_307.5_82.5001.png
312.5,32.5001,stars_312.5_32.5001.png
137.5,-72.5001,stars_137.5_-72.5001.png
327.5,67.5001,stars_327.5_67.5001.png
227.5,7.5001,stars_227.5_7.5001.png
312.5,27.5001,stars_312.5_27.5001.png
302.5,87.5001,stars_302.5_87.5001.png
302.5,2.5001,stars_302.5_2.5001.png
147.5,87.5001,stars_147.5_87.5001.png
212.5,2.5001,stars_212.5_2.5001.png
217.5,52.5001,stars_217.5_52.5001.png
107.5,82.5001,stars_107.5_82.5001.png
162.5,-17.5001,stars_162.5_-17.5001.png
117.5,-12.5001,stars_117.5_-12.5001.png
167.5,-42.5001,stars_167.5_-42.5001.png
287.5,42.5001,stars_287.5_42.5001.png
32.5,27.5001,stars_32.5_27.5001.png
247.5,47.5001,stars_247.5_47.5001.png
167.5,-27.5001,stars_167.5_-27.5001.png
247.5,57.5001,stars_247.5_57.5001.png
22.5,12.5001,stars_22.5_12.5001.png
82.5,62.5001,stars_82.5_62.5001.png
172.5,-17.5001,stars_172.5_-17.5001.png
302.5,52.5001,stars_302.5_52.5001.png
167.5,12.5001,stars_167.5_12.5001.png
132.5,-57.5001,stars_132.5_-57.5001.png
322.5,2.5001,stars_322.5_2.5001.png
22.5,42.5001,stars_22.5_42.5001.png
47.5,2.5001,stars_47.5_2.5001.png
317.5,57.5001,stars_317.5_57.5001.png
262.5,82.5001,stars_262.5_82.5001.png
247.5,12.5001,stars_247.5_12.5001.png
267.5,-77.5001,stars_267.5_-77.5001.png
272.5,-67.5001,stars_272.5_-67.5001.png
337.5,47.5001,stars_337.5_47.5001.png
257.5,87.5001,stars_257.5_87.5001.png
87.5,-57.5001,stars_87.5_-57.5001.png
272.5,62.5001,stars_272.5_62.5001.png
87.5,-52.5001,stars_87.5_-52.5001.png
282.5,-17.5001,stars_282.5_-17.5001.png
77.5,-42.5001,stars_77.5_-42.5001.png
47.5,-32.5001,stars_47.5_-32.5001.png
77.5,-7.5001,stars_77.5_-7.5001.png
82.5,27.5001,stars_82.5_27.5001.png
157.5,-67.5001,stars_157.5_-67.5001.png
57.5,47.5001,stars_57.5_47.5001.png
182.5,62.5001,stars_182.5_62.5001.png
147.5,17.5001,stars_147.5_17.5001.png
187.5,22.5001,stars_187.5_22.5001.png
337.5,-47.5001,stars_337.5_-47.5001.png
167.5,-57.5001,stars_167.5_-57.5001.png
137.5,-37.5001,stars_137.5_-37.5001.png
347.5,12.5001,stars_347.5_12.5001.png
97.5,-72.5001,stars_97.5_-72.5001.png
332.5,72.5001,stars_332.5_72.5001.png
277.5,17.5001,stars_277.5_17.5001.png
262.5,7.5001,stars_262.5_7.5001.png
67.5,57.5001,stars_67.5_57.5001.png
277.5,52.5001,stars_277.5_52.5001.png
237.5,67.5001,stars_237.5_67.5001.png
222.5,7.5001,stars_222.5_7.5001.png
282.5,-62.5001,stars_282.5_-62.5001.png
342.5,47.5001,stars_342.5_47.5001.png
137.5,62.5001,stars_137.5_62.5001.png
262.5,-52.5001,stars_262.5_-52.5001.png
207.5,-62.5001,stars_207.5_-62.5001.png
52.5,87.5001,stars_52.5_87.5001.png
42.5,-57.5001,stars_42.5_-57.5001.png
47.5,12.5001,stars_47.5_12.5001.png
127.5,-87.5001,stars_127.5_-87.5001.png
207.5,2.5001,stars_207.5_2.5001.png
102.5,57.5001,stars_102.5_57.5001.png
282.5,-27.5001,stars_282.5_-27.5001.png
147.5,-62.5001,stars_147.5_-62.5001.png
12.5,62.5001,stars_12.5_62.5001.png
177.5,82.5001,stars_177.5_82.5001.png
122.5,-17.5001,stars_122.5_-17.5001.png
217.5,7.5001,stars_217.5_7.5001.png
42.5,-47.5001,stars_42.5_-47.5001.png
167.5,77.5001,stars_167.5_77.5001.png
202.5,-37.5001,stars_202.5_-37.5001.png
52.5,77.5001,stars_52.5_77.5001.png
277.5,-47.5001,stars_277.5_-47.5001.png
257.5,-82.5001,stars_257.5_-82.5001.png
322.5,-27.5001,stars_322.5_-27.5001.png
82.5,87.5001,stars_82.5_87.5001.png
132.5,47.5001,stars_132.5_47.5001.png
257.5,-32.5001,stars_257.5_-32.5001.png
297.5,77.5001,stars_297.5_77.5001.png
82.5,7.5001,stars_82.5_7.5001.png
72.5,82.5001,stars_72.5_82.5001.png
207.5,67.5001,stars_207.5_67.5001.png
337.5,87.5001,stars_337.5_87.5001.png
207.5,57.5001,stars_207.5_57.5001.png
157.5,-37.5001,stars_157.5_-37.5001.png
37.5,-72.5001,stars_37.5_-72.5001.png
272.5,-37.5001,stars_272.5_-37.5001.png
302.5,-62.5001,stars_302.5_-62.5001.png
227.5,-17.5001,stars_227.5_-17.5001.png
187.5,-87.5001,stars_187.5_-87.5001.png
107.5,-32.5001,stars_107.5_-32.5001.png
307.5,-12.5001,stars_307.5_-12.5001.png
32.5,-32.5001,stars_32.5_-32.5001.png
332.5,37.5001,stars_332.5_37.5001.png
32.5,87.5001,stars_32.5_87.5001.png
112.5,7.5001,stars_112.5_7.5001.png
167.5,57.5001,stars_167.5_57.5001.png
137.5,12.5001,stars_137.5_12.5001.png
127.5,42.5001,stars_127.5_42.5001.png
287.5,22.5001,stars_287.5_22.5001.png
182.5,-7.5001,stars_182.5_-7.5001.png
277.5,-7.5001,stars_277.5_-7.5001.png
122.5,62.5001,stars_122.5_62.5001.png
342.5,-22.5001,stars_342.5_-22.5001.png
117.5,67.5001,stars_117.5_67.5001.png
122.5,87.5001,stars_122.5_87.5001.png
117.5,72.5001,stars_117.5_72.5001.png
172.5,-57.5001,stars_172.5_-57.5001.png
342.5,82.5001,stars_342.5_82.5001.png
172.5,67.5001,stars_172.5_67.5001.png
162.5,-87.5001,stars_162.5_-87.5001.png
252.5,2.5001,stars_252.5_2.5001.png
287.5,-17.5001,stars_287.5_-17.5001.png
282.5,32.5001,stars_282.5_32.5001.png
22.5,77.5001,stars_22.5_77.5001.png
147.5,-67.5001,stars_147.5_-67.5001.png
202.5,12.5001,stars_202.5_12.5001.png
212.5,-12.5001,stars_212.5_-12.5001.png
137.5,-77.5001,stars_137.5_-77.5001.png
92.5,-27.5001,stars_92.5_-27.5001.png
237.5,-32.5001,stars_237.5_-32.5001.png
92.5,-7.5001,stars_92.5_-7.5001.png
272.5,87.5001,stars_272.5_87.5001.png
347.5,52.5001,stars_347.5_52.5001.png
47.5,-57.5001,stars_47.5_-57.5001.png
22.5,-32.5001,stars_22.5_-32.5001.png
297.5,82.5001,stars_297.5_82.5001.png
242.5,-2.5001,stars_242.5_-2.5001.png
52.5,-82.5001,stars_52.5_-82.5001.png
322.5,-87.5001,stars_322.5_-87.5001.png
337.5,-12.5001,stars_337.5_-12.5001.png
112.5,-37.5001,stars_112.5_-37.5001.png
307.5,-62.5001,stars_307.5_-62.5001.png
272.5,-27.5001,stars_272.5_-27.5001.png
302.5,27.5001,stars_302.5_27.5001.png
357.5,17.5001,stars_357.5_17.5001.png
237.5,-17.5001,stars_237.5_-17.5001.png
322.5,-57.5001,stars_322.5_-57.5001.png
92.5,62.5001,stars_92.5_62.5001.png
7.5,52.5001,stars_7.5_52.5001.png
187.5,62.5001,stars_187.5_62.5001.png
92.5,37.5001,stars_92.5_37.5001.png
47.5,-37.5001,stars_47.5_-37.5001.png
157.5,-57.5001,stars_157.5_-57.5001.png
212.5,-77.5001,stars_212.5_-77.5001.png
262.5,87.5001,stars_262.5_87.5001.png
327.5,17.5001,stars_327.5_17.5001.png
277.5,12.5001,stars_277.5_12.5001.png
352.5,-42.5001,stars_352.5_-42.5001.png
282.5,-67.5001,stars_282.5_-67.5001.png
252.5,17.5001,stars_252.5_17.5001.png
27.5,2.5001,stars_27.5_2.5001.png
312.5,57.5001,stars_312.5_57.5001.png
192.5,77.5001,stars_192.5_77.5001.png
232.5,-37.5001,stars_232.5_-37.5001.png
167.5,-62.5001,stars_167.5_-62.5001.png
127.5,-67.5001,stars_127.5_-67.5001.png
232.5,77.5001,stars_232.5_77.5001.png
17.5,-47.5001,stars_17.5_-47.5001.png
217.5,-7.5001,stars_217.5_-7.5001.png
97.5,-27.5001,stars_97.5_-27.5001.png
132.5,37.5001,stars_132.5_37.5001.png
137.5,-87.5001,stars_137.5_-87.5001.png
227.5,22.5001,stars_227.5_22.5001.png
82.5,2.5001,stars_82.5_2.5001.png
42.5,87.5001,stars_42.5_87.5001.png
202.5,-77.5001,stars_202.5_-77.5001.png
202.5,87.5001,stars_202.5_87.5001.png
177.5,-27.5001,stars_177.5_-27.5001.png
167.5,72.5001,stars_167.5_72.5001.png
357.5,12.5001,stars_357.5_12.5001.png
42.5,-27.5001,stars_42.5_-27.5001.png
137.5,87.5001,stars_137.5_87.5001.png
202.5,-27.5001,stars_202.5_-27.5001.png
27.5,72.5001,stars_27.5_72.5001.png
177.5,-67.5001,stars_177.5_-67.5001.png
297.5,-72.5001,stars_297.5_-72.5001.png
87.5,67.5001,stars_87.5_67.5001.png
357.5,-22.5001,stars_357.5_-22.5001.png
17.5,-87.5001,stars_17.5_-87.5001.png
22.5,27.5001,stars_22.5_27.5001.png
107.5,-47.5001,stars_107.5_-47.5001.png
17.5,27.5001,stars_17.5_27.5001.png
22.5,-72.5001,stars_22.5_-72.5001.png
47.5,37.5001,stars_47.5_37.5001.png
197.5,27.5001,stars_197.5_27.5001.png
232.5,-17.5001,stars_232.5_-17.5001.png
192.5,57.5001,stars_192.5_57.5001.png
302.5,62.5001,stars_302.5_62.5001.png
177.5,77.5001,stars_177.5_77.5001.png
157.5,-12.5001,stars_157.5_-12.5001.png
242.5,42.5001,stars_242.5_42.5001.png
112.5,-62.5001,stars_112.5_-62.5001.png
167.5,-67.5001,stars_167.5_-67.5001.png
227.5,82.5001,stars_227.5_82.5001.png
357.5,-52.5001,stars_357.5_-52.5001.png
177.5,32.5001,stars_177.5_32.5001.png
227.5,-37.5001,stars_227.5_-37.5001.png
332.5,-22.5001,stars_332.5_-22.5001.png
322.5,-77.5001,stars_322.5_-77.5001.png
262.5,-47.5001,stars_262.5_-47.5001.png
82.5,-7.5001,stars_82.5_-7.5001.png
287.5,-2.5001,stars_287.5_-2.5001.png
57.5,-27.5001,stars_57.5_-27.5001.png
197.5,62.5001,stars_197.5_62.5001.png
347.5,27.5001,stars_347.5_27.5001.png
47.5,27.5001,stars_47.5_27.5001.png
47.5,52.5001,stars_47.5_52.5001.png
147.5,42.5001,stars_147.5_42.5001.png
212.5,-52.5001,stars_212.5_-52.5001.png
17.5,12.5001,stars_17.5_12.5001.png
57.5,32.5001,stars_57.5_32.5001.png
212.5,-87.5001,stars_212.5_-87.5001.png
332.5,52.5001,stars_332.5_52.5001.png
302.5,67.5001,stars_302.5_67.5001.png
42.5,-77.5001,stars_42.5_-77.5001.png
92.5,-67.5001,stars_92.5_-67.5001.png
242.5,-57.5001,stars_242.5_-57.5001.png
297.5,47.5001,stars_297.5_47.5001.png
102.5,-17.5001,stars_102.5_-17.5001.png
332.5,2.5001,stars_332.5_2.5001.png
317.5,32.5001,stars_317.5_32.5001.png
267.5,-47.5001,stars_267.5_-47.5001.png
287.5,-7.5001,stars_287.5_-7.5001.png
87.5,2.5001,stars_87.5_2.5001.png
232.5,-47.5001,stars_232.5_-47.5001.png
97.5,-7.5001,stars_97.5_-7.5001.png
262.5,-77.5001,stars_262.5_-77.5001.png
57.5,-62.5001,stars_57.5_-62.5001.png
12.5,22.5001,stars_12.5_22.5001.png
142.5,7.5001,stars_142.5_7.5001.png
117.5,37.5001,stars_117.5_37.5001.png
252.5,47.5001,stars_252.5_47.5001.png
22.5,32.5001,stars_22.5_32.5001.png
352.5,37.5001,stars_352.5_37.5001.png
92.5,87.5001,stars_92.5_87.5001.png
172.5,-7.5001,stars_172.5_-7.5001.png
97.5,2.5001,stars_97.5_2.5001.png
77.5,2.5001,stars_77.5_2.5001.png
82.5,-42.5001,stars_82.5_-42.5001.png
112.5,27.5001,stars_112.5_27.5001.png
112.5,42.5001,stars_112.5_42.5001.png
232.5,57.5001,stars_232.5_57.5001.png
177.5,-87.5001,stars_177.5_-87.5001.png
192.5,-52.5001,stars_192.5_-52.5001.png
57.5,-42.5001,stars_57.5_-42.5001.png
37.5,72.5001,stars_37.5_72.5001.png
217.5,-72.5001,stars_217.5_-72.5001.png
7.5,72.5001,stars_7.5_72.5001.png
62.5,-37.5001,stars_62.5_-37.5001.png
62.5,-2.5001,stars_62.5_-2.5001.png
292.5,-57.5001,stars_292.5_-57.5001.png
87.5,-17.5001,stars_87.5_-17.5001.png
97.5,77.5001,stars_97.5_77.5001.png
102.5,32.5001,stars_102.5_32.5001.png
352.5,-32.5001,stars_352.5_-32.5001.png
52.5,-77.5001,stars_52.5_-77.5001.png
267.5,7.5001,stars_267.5_7.5001.png
77.5,-27.5001,stars_77.5_-27.5001.png
227.5,12.5001,stars_227.5_12.5001.png
32.5,-67.5001,stars_32.5_-67.5001.png
47.5,-27.5001,stars_47.5_-27.5001.png
352.5,52.5001,stars_352.5_52.5001.png
332.5,67.5001,stars_332.5_67.5001.png
277.5,57.5001,stars_277.5_57.5001.png
72.5,-27.5001,stars_72.5_-27.5001.png
277.5,-52.5001,stars_277.5_-52.5001.png
317.5,-7.5001,stars_317.5_-7.5001.png
77.5,87.5001,stars_77.5_87.5001.png
117.5,27.5001,stars_117.5_27.5001.png
322.5,32.5001,stars_322.5_32.5001.png
357.5,7.5001,stars_357.5_7.5001.png
317.5,52.5001,stars_317.5_52.5001.png
147.5,-72.5001,stars_147.5_-72.5001.png
247.5,82.5001,stars_247.5_82.5001.png
237.5,32.5001,stars_237.5_32.5001.png
192.5,47.5001,stars_192.5_47.5001.png
2.5,2.5001,stars_2.5_2.5001.png
147.5,7.5001,stars_147.5_7.5001.png
287.5,27.5001,stars_287.5_27.5001.png
202.5,-17.5001,stars_202.5_-17.5001.png
127.5,-52.5001,stars_127.5_-52.5001.png
257.5,-77.5001,stars_257.5_-77.5001.png
327.5,82.5001,stars_327.5_82.5001.png
357.5,-27.5001,stars_357.5_-27.5001.png
197.5,-52.5001,stars_197.5_-52.5001.png
207.5,37.5001,stars_207.5_37.5001.png
162.5,-7.5001,stars_162.5_-7.5001.png
262.5,27.5001,stars_262.5_27.5001.png
322.5,27.5001,stars_322.5_27.5001.png
7.5,-82.5001,stars_7.5_-82.5001.png
117.5,57.5001,stars_117.5_57.5001.png
67.5,-32.5001,stars_67.5_-32.5001.png
142.5,62.5001,stars_142.5_62.5001.png
257.5,-47.5001,stars_257.5_-47.5001.png
327.5,52.5001,stars_327.5_52.5001.png
52.5,67.5001,stars_52.5_67.5001.png
297.5,-32.5001,stars_297.5_-32.5001.png
57.5,-77.5001,stars_57.5_-77.5001.png
162.5,12.5001,stars_162.5_12.5001.png
107.5,-87.5001,stars_107.5_-87.5001.png
52.5,52.5001,stars_52.5_52.5001.png
107.5,-27.5001,stars_107.5_-27.5001.png
92.5,-77.5001,stars_92.5_-77.5001.png
292.5,52.5001,stars_292.5_52.5001.png
227.5,-52.5001,stars_227.5_-52.5001.png
67.5,-27.5001,stars_67.5_-27.5001.png
257.5,-2.5001,stars_257.5_-2.5001.png
332.5,-57.5001,stars_332.5_-57.5001.png
332.5,-77.5001,stars_332.5_-77.5001.png
327.5,12.5001,stars_327.5_12.5001.png
227.5,2.5001,stars_227.5_2.5001.png
162.5,-77.5001,stars_162.5_-77.5001.png
157.5,72.5001,stars_157.5_72.5001.png
117.5,-32.5001,stars_117.5_-32.5001.png
57.5,-22.5001,stars_57.5_-22.5001.png
292.5,22.5001,stars_292.5_22.5001.png
192.5,-27.5001,stars_192.5_-27.5001.png
317.5,47.5001,stars_317.5_47.5001.png
167.5,-7.5001,stars_167.5_-7.5001.png
162.5,22.5001,stars_162.5_22.5001.png
212.5,72.5001,stars_212.5_72.5001.png
242.5,7.5001,stars_242.5_7.5001.png
117.5,12.5001,stars_117.5_12.5001.png
292.5,7.5001,stars_292.5_7.5001.png
272.5,77.5001,stars_272.5_77.5001.png
2.5,-67.5001,stars_2.5_-67.5001.png
272.5,-52.5001,stars_272.5_-52.5001.png
252.5,27.5001,stars_252.5_27.5001.png
192.5,-67.5001,stars_192.5_-67.5001.png
317.5,22.5001,stars_317.5_22.5001.png
202.5,82.5001,stars_202.5_82.5001.png
217.5,32.5001,stars_217.5_32.5001.png
262.5,-27.5001,stars_262.5_-27.5001.png
52.5,57.5001,stars_52.5_57.5001.png
112.5,52.5001,stars_112.5_52.5001.png
17.5,52.5001,stars_17.5_52.5001.png
232.5,-12.5001,stars_232.5_-12.5001.png
277.5,87.5001,stars_277.5_87.5001.png
287.5,-12.5001,stars_287.5_-12.5001.png
127.5,-82.5001,stars_127.5_-82.5001.png
342.5,-82.5001,stars_342.5_-82.5001.png
327.5,-32.5001,stars_327.5_-32.5001.png
207.5,-22.5001,stars_207.5_-22.5001.png
192.5,-42.5001,stars_192.5_-42.5001.png
347.5,67.5001,stars_347.5_67.5001.png
47.5,32.5001,stars_47.5_32.5001.png
52.5,12.5001,stars_52.5_12.5001.png
307.5,-27.5001,stars_307.5_-27.5001.png
82.5,32.5001,stars_82.5_32.5001.png
227.5,47.5001,stars_227.5_47.5001.png
87.5,-67.5001,stars_87.5_-67.5001.png
212.5,27.5001,stars_212.5_27.5001.png
182.5,67.5001,stars_182.5_67.5001.png
142.5,87.5001,stars_142.5_87.5001.png
112.5,17.5001,stars_112.5_17.5001.png
237.5,-57.5001,stars_237.5_-57.5001.png
112.5,-42.5001,stars_112.5_-42.5001.png
92.5,-82.5001,stars_92.5_-82.5001.png
187.5,-22.5001,stars_187.5_-22.5001.png
297.5,-67.5001,stars_297.5_-67.5001.png
337.5,-37.5001,stars_337.5_-37.5001.png
232.5,32.5001,stars_232.5_32.5001.png
162.5,-22.5001,stars_162.5_-22.5001.png
72.5,-47.5001,stars_72.5_-47.5001.png
267.5,32.5001,stars_267.5_32.5001.png
12.5,-47.5001,stars_12.5_-47.5001.png
202.5,57.5001,stars_202.5_57.5001.png
152.5,-22.5001,stars_152.5_-22.5001.png
42.5,22.5001,stars_42.5_22.5001.png
192.5,27.5001,stars_192.5_27.5001.png
182.5,72.5001,stars_182.5_72.5001.png
217.5,-62.5001,stars_217.5_-62.5001.png
347.5,-22.5001,stars_347.5_-22.5001.png
187.5,27.5001,stars_187.5_27.5001.png
62.5,-52.5001,stars_62.5_-52.5001.png
32.5,32.5001,stars_32.5_32.5001.png
347.5,87.5001,stars_347.5_87.5001.png
312.5,-12.5001,stars_312.5_-12.5001.png
207.5,-7.5001,stars_207.5_-7.5001.png
252.5,-47.5001,stars_252.5_-47.5001.png
307.5,42.5001,stars_307.5_42.5001.png
2.5,47.5001,stars_2.5_47.5001.png
22.5,37.5001,stars_22.5_37.5001.png
157.5,37.5001,stars_157.5_37.5001.png
17.5,-72.5001,stars_17.5_-72.5001.png
72.5,-77.5001,stars_72.5_-77.5001.png
72.5,47.5001,stars_72.5_47.5001.png
2.5,67.5001,stars_2.5_67.5001.png
172.5,12.5001,stars_172.5_12.5001.png
342.5,-52.5001,stars_342.5_-52.5001.png
307.5,-37.5001,stars_307.5_-37.5001.png
257.5,-27.5001,stars_257.5_-27.5001.png
37.5,12.5001,stars_37.5_12.5001.png
232.5,22.5001,stars_232.5_22.5001.png
232.5,2.5001,stars_232.5_2.5001.png
312.5,-82.5001,stars_312.5_-82.5001.png
327.5,-27.5001,stars_327.5_-27.5001.png
142.5,82.5001,stars_142.5_82.5001.png
142.5,-62.5001,stars_142.5_-62.5001.png
147.5,-57.5001,stars_147.5_-57.5001.png
107.5,-67.5001,stars_107.5_-67.5001.png
37.5,82.5001,stars_37.5_82.5001.png
282.5,-47.5001,stars_282.5_-47.5001.png
242.5,-62.5001,stars_242.5_-62.5001.png
282.5,82.5001,stars_282.5_82.5001.png
227.5,52.5001,stars_227.5_52.5001.png
107.5,-17.5001,stars_107.5_-17.5001.png
272.5,17.5001,stars_272.5_17.5001.png
27.5,-22.5001,stars_27.5_-22.5001.png
222.5,52.5001,stars_222.5_52.5001.png
277.5,-87.5001,stars_277.5_-87.5001.png
7.5,-2.5001,stars_7.5_-2.5001.png
207.5,-52.5001,stars_207.5_-52.5001.png
247.5,72.5001,stars_247.5_72.5001.png
167.5,-32.5001,stars_167.5_-32.5001.png
337.5,-82.5001,stars_337.5_-82.5001.png
77.5,52.5001,stars_77.5_52.5001.png
37.5,-12.5001,stars_37.5_-12.5001.png
42.5,37.5001,stars_42.5_37.5001.png
32.5,67.5001,stars_32.5_67.5001.png
187.5,-2.5001,stars_187.5_-2.5001.png
237.5,17.5001,stars_237.5_17.5001.png
222.5,-17.5001,stars_222.5_-17.5001.png
37.5,-2.5001,stars_37.5_-2.5001.png
292.5,-7.5001,stars_292.5_-7.5001.png
72.5,-32.5001,stars_72.5_-32.5001.png
12.5,2.5001,stars_12.5_2.5001.png
242.5,52.5001,stars_242.5_52.5001.png
67.5,12.5001,stars_67.5_12.5001.png
102.5,67.5001,stars_102.5_67.5001.png
192.5,82.5001,stars_192.5_82.5001.png
112.5,62.5001,stars_112.5_62.5001.png
152.5,-52.5001,stars_152.5_-52.5001.png
122.5,-67.5001,stars_122.5_-67.5001.png
307.5,12.5001,stars_307.5_12.5001.png
67.5,22.5001,stars_67.5_22.5001.png
67.5,82.5001,stars_67.5_82.5001.png
117.5,82.5001,stars_117.5_82.5001.png
232.5,-7.5001,stars_232.5_-7.5001.png
197.5,-77.5001,stars_197.5_-77.5001.png
277.5,67.5001,stars_277.5_67.5001.png
132.5,-37.5001,stars_132.5_-37.5001.png
142.5,27.5001,stars_142.5_27.5001.png
287.5,-22.5001,stars_287.5_-22.5001.png
87.5,77.5001,stars_87.5_77.5001.png
57.5,67.5001,stars_57.5_67.5001.png
97.5,-12.5001,stars_97.5_-12.5001.png
197.5,82.5001,stars_197.5_82.5001.png
82.5,17.5001,stars_82.5_17.5001.png
282.5,47.5001,stars_282.5_47.5001.png
152.5,-37.5001,stars_152.5_-37.5001.png
107.5,22.5001,stars_107.5_22.5001.png
267.5,-7.5001,stars_267.5_-7.5001.png
167.5,87.5001,stars_167.5_87.5001.png
77.5,72.5001,stars_77.5_72.5001.png
107.5,-52.5001,stars_107.5_-52.5001.png
67.5,17.5001,stars_67.5_17.5001.png
232.5,-87.5001,stars_232.5_-87.5001.png
337.5,-57.5001,stars_337.5_-57.5001.png
342.5,42.5001,stars_342.5_42.5001.png
352.5,-72.5001,stars_352.5_-72.5001.png
282.5,42.5001,stars_282.5_42.5001.png
132.5,32.5001,stars_132.5_32.5001.png
87.5,-72.5001,stars_87.5_-72.5001.png
132.5,-42.5001,stars_132.5_-42.5001.png
167.5,47.5001,stars_167.5_47.5001.png
212.5,-67.5001,stars_212.5_-67.5001.png
232.5,-52.5001,stars_232.5_-52.5001.png
92.5,17.5001,stars_92.5_17.5001.png
102.5,87.5001,stars_102.5_87.5001.png
72.5,-67.5001,stars_72.5_-67.5001.png
117.5,42.5001,stars_117.5_42.5001.png
32.5,-2.5001,stars_32.5_-2.5001.png
157.5,-72.5001,stars_157.5_-72.5001.png
212.5,17.5001,stars_212.5_17.5001.png
122.5,-62.5001,stars_122.5_-62.5001.png
2.5,22.5001,stars_2.5_22.5001.png
177.5,37.5001,stars_177.5_37.5001.png
37.5,-82.5001,stars_37.5_-82.5001.png
177.5,72.5001,stars_177.5_72.5001.png
37.5,7.5001,stars_37.5_7.5001.png
167.5,-22.5001,stars_167.5_-22.5001.png
212.5,-62.5001,stars_212.5_-62.5001.png
257.5,27.5001,stars_257.5_27.5001.png
272.5,57.5001,stars_272.5_57.5001.png
7.5,22.5001,stars_7.5_22.5001.png
217.5,-17.5001,stars_217.5_-17.5001.png
42.5,67.5001,stars_42.5_67.5001.png
252.5,-32.5001,stars_252.5_-32.5001.png
212.5,7.5001,stars_212.5_7.5001.png
307.5,47.5001,stars_307.5_47.5001.png
112.5,77.5001,stars_112.5_77.5001.png
62.5,67.5001,stars_62.5_67.5001.png
197.5,67.5001,stars_197.5_67.5001.png
57.5,-17.5001,stars_57.5_-17.5001.png
247.5,-22.5001,stars_247.5_-22.5001.png
172.5,72.5001,stars_172.5_72.5001.png
57.5,42.5001,stars_57.5_42.5001.png
262.5,-72.5001,stars_262.5_-72.5001.png
92.5,82.5001,stars_92.5_82.5001.png
247.5,-77.5001,stars_247.5_-77.5001.png
207.5,77.5001,stars_207.5_77.5001.png
2.5,17.5001,stars_2.5_17.5001.png
2.5,-52.5001,stars_2.5_-52.5001.png
272.5,-22.5001,stars_272.5_-22.5001.png
97.5,42.5001,stars_97.5_42.5001.png
252.5,7.5001,stars_252.5_7.5001.png
262.5,-62.5001,stars_262.5_-62.5001.png
217.5,-37.5001,stars_217.5_-37.5001.png
112.5,-82.5001,stars_112.5_-82.5001.png
47.5,67.5001,stars_47.5_67.5001.png
87.5,57.5001,stars_87.5_57.5001.png
217.5,2.5001,stars_217.5_2.5001.png
152.5,-47.5001,stars_152.5_-47.5001.png
332.5,-17.5001,stars_332.5_-17.5001.png
187.5,-62.5001,stars_187.5_-62.5001.png
92.5,-52.5001,stars_92.5_-52.5001.png
342.5,-72.5001,stars_342.5_-72.5001.png
147.5,-82.5001,stars_147.5_-82.5001.png
162.5,52.5001,stars_162.5_52.5001.png
37.5,-27.5001,stars_37.5_-27.5001.png
157.5,-82.5001,stars_157.5_-82.5001.png
357.5,2.5001,stars_357.5_2.5001.png
172.5,-22.5001,stars_172.5_-22.5001.png
342.5,-57.5001,stars_342.5_-57.5001.png
97.5,-87.5001,stars_97.5_-87.5001.png
17.5,-52.5001,stars_17.5_-52.5001.png
97.5,32.5001,stars_97.5_32.5001.png
302.5,-77.5001,stars_302.5_-77.5001.png
327.5,42.5001,stars_327.5_42.5001.png
67.5,2.5001,stars_67.5_2.5001.png
162.5,-12.5001,stars_162.5_-12.5001.png
337.5,-32.5001,stars_337.5_-32.5001.png
92.5,2.5001,stars_92.5_2.5001.png
202.5,-72.5001,stars_202.5_-72.5001.png
37.5,67.5001,stars_37.5_67.5001.png
32.5,-47.5001,stars_32.5_-47.5001.png
202.5,-12.5001,stars_202.5_-12.5001.png
12.5,82.5001,stars_12.5_82.5001.png
167.5,37.5001,stars_167.5_37.5001.png
182.5,-57.5001,stars_182.5_-57.5001.png
122.5,-82.5001,stars_122.5_-82.5001.png
72.5,22.5001,stars_72.5_22.5001.png
207.5,-42.5001,stars_207.5_-42.5001.png
197.5,-12.5001,stars_197.5_-12.5001.png
97.5,62.5001,stars_97.5_62.5001.png
312.5,37.5001,stars_312.5_37.5001.png
167.5,62.5001,stars_167.5_62.5001.png
12.5,72.5001,stars_12.5_72.5001.png
297.5,2.5001,stars_297.5_2.5001.png
212.5,67.5001,stars_212.5_67.5001.png
287.5,12.5001,stars_287.5_12.5001.png
157.5,87.5001,stars_157.5_87.5001.png
292.5,-72.5001,stars_292.5_-72.5001.png
147.5,52.5001,stars_147.5_52.5001.png
142.5,-82.5001,stars_142.5_-82.5001.png
62.5,7.5001,stars_62.5_7.5001.png
262.5,72.5001,stars_262.5_72.5001.png
252.5,-27.5001,stars_252.5_-27.5001.png
147.5,-87.5001,stars_147.5_-87.5001.png
157.5,17.5001,stars_157.5_17.5001.png
182.5,-37.5001,stars_182.5_-37.5001.png
237.5,-37.5001,stars_237.5_-37.5001.png
287.5,-32.5001,stars_287.5_-32.5001.png
147.5,-12.5001,stars_147.5_-12.5001.png
332.5,47.5001,stars_332.5_47.5001.png
182.5,-27.5001,stars_182.5_-27.5001.png
127.5,47.5001,stars_127.5_47.5001.png
72.5,-62.5001,stars_72.5_-62.5001.png
357.5,52.5001,stars_357.5_52.5001.png
217.5,-82.5001,stars_217.5_-82.5001.png
182.5,47.5001,stars_182.5_47.5001.png
57.5,-7.5001,stars_57.5_-7.5001.png
62.5,87.5001,stars_62.5_87.5001.png
27.5,-82.5001,stars_27.5_-82.5001.png
297.5,-47.5001,stars_297.5_-47.5001.png
92.5,-87.5001,stars_92.5_-87.5001.png
122.5,22.5001,stars_122.5_22.5001.png
127.5,-22.5001,stars_127.5_-22.5001.png
257.5,7.5001,stars_257.5_7.5001.png
52.5,-17.5001,stars_52.5_-17.5001.png
42.5,7.5001,stars_42.5_7.5001.png
267.5,27.5001,stars_267.5_27.5001.png
287.5,-27.5001,stars_287.5_-27.5001.png
132.5,52.5001,stars_132.5_52.5001.png
142.5,-7.5001,stars_142.5_-7.5001.png
357.5,-2.5001,stars_357.5_-2.5001.png
77.5,17.5001,stars_77.5_17.5001.png
217.5,-87.5001,stars_217.5_-87.5001.png
307.5,32.5001,stars_307.5_32.5001.png
182.5,-42.5001,stars_182.5_-42.5001.png
172.5,17.5001,stars_172.5_17.5001.png
262.5,52.5001,stars_262.5_52.5001.png
62.5,-32.5001,stars_62.5_-32.5001.png
202.5,7.5001,stars_202.5_7.5001.png
257.5,72.5001,stars_257.5_72.5001.png
337.5,52.5001,stars_337.5_52.5001.png
142.5,-77.5001,stars_142.5_-77.5001.png
152.5,72.5001,stars_152.5_72.5001.png
357.5,32.5001,stars_357.5_32.5001.png
357.5,-87.5001,stars_357.5_-87.5001.png
27.5,-17.5001,stars_27.5_-17.5001.png
322.5,-52.5001,stars_322.5_-52.5001.png
102.5,-12.5001,stars_102.5_-12.5001.png
102.5,-57.5001,stars_102.5_-57.5001.png
142.5,-37.5001,stars_142.5_-37.5001.png
132.5,-62.5001,stars_132.5_-62.5001.png
107.5,77.5001,stars_107.5_77.5001.png
157.5,12.5001,stars_157.5_12.5001.png
17.5,42.5001,stars_17.5_42.5001.png
277.5,7.5001,stars_277.5_7.5001.png
77.5,62.5001,stars_77.5_62.5001.png
277.5,-2.5001,stars_277.5_-2.5001.png
247.5,-32.5001,stars_247.5_-32.5001.png
342.5,-32.5001,stars_342.5_-32.5001.png
97.5,-32.5001,stars_97.5_-32.5001.png
337.5,57.5001,stars_337.5_57.5001.png
22.5,67.5001,stars_22.5_67.5001.png
247.5,-87.5001,stars_247.5_-87.5001.png
132.5,57.5001,stars_132.5_57.5001.png
152.5,-42.5001,stars_152.5_-42.5001.png
247.5,-12.5001,stars_247.5_-12.5001.png
37.5,87.5001,stars_37.5_87.5001.png
182.5,22.5001,stars_182.5_22.5001.png
142.5,-17.5001,stars_142.5_-17.5001.png
267.5,-42.5001,stars_267.5_-42.5001.png
347.5,32.5001,stars_347.5_32.5001.png
122.5,-87.5001,stars_122.5_-87.5001.png
